genome	stratum	clade	gtdb_taxonomy	mcr_direction	mcycle_pmoA	mcycle_mcrA	kofam_pmoA	kofam_mcrA	mcycdb_pmoA	mcycdb_mcrA
GCA_000403075_1	backbone	p__Calescibacteriota	d__Bacteria;p__Calescibacteriota;c__Calescibacteriia;o__Calescibacteriales;f__Calescibacteriaceae;g__Calescibacterium;s__Calescibacterium nevadense	-	0	0	0	0	0	0
GCA_000405805_1	backbone	p__Fidelibacterota	d__Bacteria;p__Fidelibacterota;c__Marinisomatia;o__SCGC-AAA003-L08;f__D37C17;g__SCGC-AAA003-L08;s__SCGC-AAA003-L08 sp000405805	-	0	0	0	0	0	0
GCA_000522425_1	backbone	p__Tectomicrobia	d__Bacteria;p__Tectomicrobia;c__Entotheonellia;o__Entotheonellales;f__Entotheonellaceae;g__Entotheonella;s__Entotheonella factor	-	0	0	0	0	0	0
GCA_000739515_1	backbone	p__Moduliflexota	d__Bacteria;p__Moduliflexota;c__Moduliflexia;o__Moduliflexales;f__Moduliflexaceae;g__Moduliflexus;s__Moduliflexus flocculans	-	0	0	0	0	0	0
GCA_001180325_1	backbone	p__Cyanobacteriota	d__Bacteria;p__Cyanobacteriota;c__Cyanobacteriia;o__PCC-6307;f__Cyanobiaceae;g__Prochlorococcus_A;s__Prochlorococcus_A marinus_R	-	0	0	0	0	0	0
GCA_001302835_1	backbone	p__LJUI01	d__Bacteria;p__LJUI01;c__LJUI01;o__SM1-40;f__SM1-40;g__SM1-40;s__SM1-40 sp001303705	-	0	0	0	0	0	0
GCA_001304035_1	backbone	p__SM23-31	d__Bacteria;p__SM23-31;c__SM23-31;o__SM23-31;f__SM23-31;g__SM23-31;s__SM23-31 sp001304035	-	0	0	0	0	0	0
GCA_001443445_1	backbone	p__Desulfobacterota_D	d__Bacteria;p__Desulfobacterota_D;c__UBA1144;o__Nemesobacterales;f__CSP1-2;g__CSP1-2;s__CSP1-2 sp001443445	-	0	0	0	0	0	0
GCA_001567115_1	backbone	p__Hinthialibacterota	d__Bacteria;p__Hinthialibacterota;c__Hinthialibacteria;o__OLB16;f__OLB16;g__OLB16;s__OLB16 sp001567115	-	0	0	0	0	0	0
GCA_001714685_2	enriched	Methanosarcinaceae	d__Archaea;p__Halobacteriota;c__Methanosarcinia;o__Methanosarcinales;f__Methanosarcinaceae;g__Methanosarcina;s__Methanosarcina sp001714685	methanogenic	0	1	0	1	0	1
GCA_001717005_1	enriched	Methanomethylicaceae	d__Archaea;p__Thermoproteota;c__Methanomethylicia;o__Methanomethylicales;f__Methanomethylicaceae;g__Methanomethylicus;s__Methanomethylicus mesodigestus	methanogenic	0	1	0	1	0	1
GCA_001730085_1	backbone	p__GCA-001730085	d__Bacteria;p__GCA-001730085;c__GCA-001730085;o__GCA-001730085;f__GCA-001730085;g__GCA-001730085;s__GCA-001730085 sp001730085	-	0	0	0	0	0	0
GCA_001766825_1	enriched	alkane_AcrA	d__Archaea;p__Halobacteriota;c__Syntropharchaeia;o__Syntropharchaeales;f__Syntropharchaeaceae;g__Syntropharchaeum;s__Syntropharchaeum butanivorans	-	0	0	0	0	0	1
GCA_001771425_1	backbone	p__Margulisbacteria	d__Bacteria;p__Margulisbacteria;c__WOR-1;o__O2-12-FULL-45-9;f__XYB2-FULL-48-7;g__XYB2-FULL-45-9;s__XYB2-FULL-45-9 sp001771575	-	0	0	0	0	0	0
GCA_001782795_1	backbone	p__Lindowbacteria	d__Bacteria;p__Lindowbacteria;c__2-12-FULL-62-27;o__2-12-FULL-62-27;f__2-12-FULL-62-27;g__2-12-FULL-62-27;s__2-12-FULL-62-27 sp001784175	-	0	0	0	0	0	0
GCA_001790675_1	backbone	p__Schekmanbacteria	d__Bacteria;p__Schekmanbacteria;c__GWA2-38-11;o__GWA2-38-11;f__GWA2-38-11;g__2-02-FULL-38-14-A;s__2-02-FULL-38-14-A sp001790855	-	0	0	0	0	0	0
GCA_001797465_1	backbone	p__Desulfobacterota	d__Bacteria;p__Desulfobacterota;c__GWC2-55-46;o__GWC2-55-46;f__GWC2-55-46;g__GWB2-55-19;s__GWB2-55-19 sp001797465	-	0	0	0	0	0	0
GCA_001799195_1	backbone	p__Bdellovibrionota_F	d__Bacteria;p__Bdellovibrionota_F;c__JAHFAK01;o__YA12-FULL-61-11;f__YA12-FULL-61-11;g__YA12-FULL-61-11;s__YA12-FULL-61-11 sp001799195	-	0	0	0	0	0	0
GCA_001803565_1	backbone	p__2-12-FULL-45-22	d__Bacteria;p__2-12-FULL-45-22;c__2-12-FULL-45-22;o__2-12-FULL-45-22;f__2-12-FULL-45-22;g__2-12-FULL-45-22;s__2-12-FULL-45-22 sp001803565	-	0	0	0	0	0	0
GCA_001871015_1	backbone	p__Desantisbacteria	d__Bacteria;p__Desantisbacteria;c__UBA1551;o__UBA1551;f__UBA1559;g__UBA1559;s__UBA1559 sp001871015	-	0	0	0	0	0	0
GCA_001871075_1	backbone	p__Desantisbacteria	d__Bacteria;p__Desantisbacteria;c__UBA1551;o__UBA1551;f__UBA1551;g__UBA1551;s__UBA1551 sp001871075	-	0	0	0	0	0	0
GCA_001872885_1	backbone	p__Huberarchaeota	d__Archaea;p__Huberarchaeota;c__Huberarchaeia;o__Huberarchaeales;f__Huberarchaeaceae;g__Huberarchaeum;s__Huberarchaeum crystalense	-	0	0	0	0	0	0
GCA_001901525_1	enriched	MOB_Methylomonadaceae	d__Bacteria;p__Pseudomonadota;c__Gammaproteobacteria;o__Methylococcales;f__Methylomonadaceae;g__OPU3-GD-OMZ;s__OPU3-GD-OMZ sp001901525	-	1	0	1	0	1	0
GCA_002010385_1	backbone	p__Bipolaricaulota	d__Bacteria;p__Bipolaricaulota;c__Bipolaricaulia;o__Bipolaricaulales;f__Bipolaricaulaceae;g__UBA3571;s__UBA3571 sp002375995	-	0	0	0	0	0	0
GCA_002067565_1	backbone	p__Methanobacteriota	d__Archaea;p__Methanobacteriota;c__Methanobacteria;o__Methanobacteriales;f__Methanobacteriaceae;g__Methanobacterium_A;s__Methanobacterium_A sp002067565	-	0	0	0	0	0	0
GCA_002083355_1	backbone	p__Nitrospirota	d__Bacteria;p__Nitrospirota;c__Nitrospiria;o__Nitrospirales;f__Nitrospiraceae;g__Nitrospira_D;s__Nitrospira_D sp900696515	-	0	0	1	0	0	0
GCA_002084765_1	backbone	p__4572-55	d__Bacteria;p__4572-55;c__4572-55;o__4572-55;f__4572-55;g__4572-55;s__4572-55 sp002084765	-	0	0	0	0	0	0
GCA_002254825_2	enriched	alkane_AcrA	d__Archaea;p__Halobacteriota;c__Methanosarcinia;o__Methanosarcinales;f__EX4572-44;g__EX4572-44;s__EX4572-44 sp002254825	-	0	0	0	0	0	1
GCA_002256465_1	enriched	MOB_Methylomonadaceae	d__Bacteria;p__Pseudomonadota;c__Gammaproteobacteria;o__Methylococcales;f__Methylomonadaceae;g__Methylobacter_C;s__Methylobacter_C sp002256465	-	1	0	1	0	1	0
GCA_002320695_1	backbone	p__Myxococcota_C	d__Bacteria;p__Myxococcota_C;c__UBA6777;o__UBA6777;f__UBA6777;g__UBA6777;s__UBA6777 sp002731275	-	0	0	0	0	0	0
GCA_002331625_1	enriched	Nitrospira_comammox	d__Bacteria;p__Nitrospirota;c__Nitrospiria;o__Nitrospirales;f__Nitrospiraceae;g__Nitrospira_D;s__Nitrospira_D sp002331625	-	0	0	1	0	0	0
GCA_002347965_1	backbone	p__UBA2233	d__Bacteria;p__UBA2233;c__UBA2233;o__UBA2233;f__UBA2233;g__UBA2233;s__UBA2233 sp002347965	-	0	0	0	0	0	0
GCA_002382735_1	backbone	p__UBA4055	d__Bacteria;p__UBA4055;c__UBA4055;o__UBA4055;f__UBA4055;g__UBA4055;s__UBA4055 sp002382735	-	0	0	0	0	0	0
GCA_002398225_1	backbone	p__UBP13	d__Bacteria;p__UBP13;c__UBA5359;o__UBA5359;f__UBA5359;g__UBA5359;s__UBA5359 sp002410925	-	0	0	0	0	0	0
GCA_002403115_1	backbone	p__Edwardsbacteria	d__Bacteria;p__Edwardsbacteria;c__AC1;o__AC1;f__EtOH8;g__UBA8901;s__UBA8901 sp002403115	-	0	0	0	0	0	0
GCA_002428525_1	backbone	p__UBP14	d__Bacteria;p__UBP14;c__UBA6098;o__UBA6098;f__UBA6098;g__UBA6098;s__UBA6098 sp002428525	-	0	0	0	0	0	0
GCA_002441095_1	backbone	p__CAYTYR01	d__Bacteria;p__CAYTYR01;c__UBA6262;o__UBA6262;f__UBA6262;g__UBA6262;s__UBA6262 sp002441095	-	0	0	0	0	0	0
GCA_002452335_1	backbone	p__Chrysiogenota	d__Bacteria;p__Chrysiogenota;c__Deferribacteres;o__Deferribacterales;f__Geovibrionaceae;g__Seleniivibrio;s__Seleniivibrio sp002452335	-	0	0	0	0	0	0
GCA_002632385_1	enriched	MOB_NC10	d__Bacteria;p__Methylomirabilota;c__Methylomirabilia;o__Methylomirabilales;f__Methylomirabilaceae;g__Methylomirabilis;s__Methylomirabilis lanthanidiphila	-	1	0	1	0	1	0
GCA_002839545_1	enriched	ANME-2d	d__Archaea;p__Halobacteriota;c__Methanosarcinia;o__Methanosarcinales;f__Methanoperedenaceae;g__Methanoperedens_A;s__Methanoperedens_A sp002839545	reverse	0	1	0	1	0	1
GCA_002869855_2	enriched	Nitrospira_comammox	d__Bacteria;p__Nitrospirota;c__Nitrospiria;o__Nitrospirales;f__Nitrospiraceae;g__Nitrospira_D;s__Nitrospira_D sp002869855	-	0	0	0	0	0	0
GCA_002898315_1	backbone	p__Calescibacteriota	d__Bacteria;p__Calescibacteriota;c__Calescibacteriia;o__Calescibacteriales;f__Calescibacteriaceae;g__Calescibacterium;s__Calescibacterium sp002898315	-	0	0	0	0	0	0
GCA_003104975_1	enriched	MOB_NC10	d__Bacteria;p__Methylomirabilota;c__Methylomirabilia;o__Methylomirabilales;f__Methylomirabilaceae;g__Methylomirabilis;s__Methylomirabilis sp003104975	-	1	0	1	0	1	0
GCA_003153815_1	enriched	Methanobacteria	d__Archaea;p__Methanobacteriota;c__Methanobacteria;o__Methanobacteriales;f__Methanobacteriaceae;g__Methanobacterium_B;s__Methanobacterium_B sp003162115	-	0	0	0	0	0	0
GCA_003176995_1	enriched	AOA	d__Archaea;p__Thermoproteota;c__Nitrososphaeria;o__Nitrososphaerales;f__Nitrososphaeraceae;g__Nitrosopolaris;s__Nitrosopolaris wilkesensis	-	0	0	0	0	0	0
GCA_003232385_1	backbone	p__SZUA-79	d__Bacteria;p__SZUA-79;c__SZUA-79;o__Acidulodesulfobacterales;f__Acidulodesulfobacteraceae;g__QIJE01;s__QIJE01 sp003232385	-	0	0	0	0	0	0
GCA_003251955_1	enriched	Methanomicrobia	d__Archaea;p__Halobacteriota;c__Methanomicrobia;o__Methanomicrobiales;f__Methanospirillaceae;g__Methanospirillum;s__Methanospirillum hungatei_A	methanogenic	0	1	0	1	0	1
GCA_003252515_1	backbone	p__UBA4055	d__Bacteria;p__UBA4055;c__UBA4055;o__UBA4055;f__UBA4055;g__UBA4055;s__UBA4055 sp003252515	-	0	0	0	0	0	0
GCA_003266065_1	enriched	Methanobacteria	d__Archaea;p__Methanobacteriota;c__Methanobacteria;o__Methanobacteriales;f__Methanobacteriaceae;g__Methanosphaera;s__Methanosphaera sp003266065	-	0	0	0	0	0	1
GCA_003327425_1	backbone	p__Muiribacteriota	d__Bacteria;p__Muiribacteriota;c__Ozemobacteria;o__Ozemobacterales;f__Ozemobacteraceae;g__Ozemobacter;s__Ozemobacter sibiricus	-	0	0	0	0	0	0
GCA_003505155_1	backbone	p__Patescibacteriota	d__Bacteria;p__Patescibacteriota;c__Patescibacteriia;o__UBA9934;f__UBA10169;g__UBA10169;s__UBA10169 sp003505155	-	0	0	0	0	0	0
GCA_003558335_1	backbone	p__Methanobacteriota_B	d__Archaea;p__Methanobacteriota_B;c__Thermococci;o__Methanofastidiosales;f__Methanofastidiosaceae;g__Methanofastidiosum;s__Methanofastidiosum sp003558335	methanogenic	0	1	0	1	0	1
GCA_003558985_1	backbone	p__CSSED10-310	d__Bacteria;p__CSSED10-310;c__CSSED10-310;o__CSSED10-310;f__CSSED10-310;g__CSSED10-310;s__CSSED10-310 sp003558985	-	0	0	0	0	0	0
GCA_003598085_1	backbone	p__Abyssobacteria	d__Bacteria;p__Abyssobacteria;c__SURF-5;o__SURF-5;f__SURF-5;g__SURF-5;s__SURF-5 sp003598085	-	0	0	0	0	0	0
GCA_003647755_1	backbone	p__B130-G9	d__Bacteria;p__B130-G9;c__B130-G9;o__B130-G9;f__B130-G9;g__B130-G9;s__B130-G9 sp003647755	-	0	0	0	0	0	0
GCA_003695725_1	backbone	p__Schekmanbacteria	d__Bacteria;p__Schekmanbacteria;c__GWA2-38-11;o__GWA2-38-11;f__J061;g__J061;s__J061 sp003695725	-	0	0	0	0	0	0
GCA_004028775_1	enriched	Methanomethylicaceae	d__Archaea;p__Thermoproteota;c__Methanomethylicia;o__Methanomethylicales;f__Methanomethylicaceae;g__Methanosuratincola;s__Methanosuratincola verstraetei	methanogenic	0	1	0	1	0	1
GCA_004212095_1	enriched	alkane_AcrA	d__Archaea;p__Halobacteriota;c__Methanosarcinia;o__Methanosarcinales;f__EX4572-44;g__Argoarchaeum;s__Argoarchaeum sp004212095	-	0	0	0	0	0	1
GCA_008015635_1	enriched	AOB_beta	d__Bacteria;p__Pseudomonadota;c__Gammaproteobacteria;o__Burkholderiales;f__Nitrosomonadaceae;g__Nitrosomonas;s__Nitrosomonas oligotropha_B	-	0	0	0	0	0	0
GCA_008933615_1	backbone	p__CLD3	d__Bacteria;p__CLD3;c__CLD3;o__SB21;f__SB21;g__SB21;s__SB21 sp008933615	-	0	0	0	0	0	0
GCA_009649835_1	enriched	ANME-2ab	d__Archaea;p__Halobacteriota;c__Methanosarcinia;o__Methanosarcinales;f__Methanocomedenaceae;g__Methanocomedens_A;s__Methanocomedens_A sp009649835	reverse	0	1	0	1	0	1
GCA_009780795_1	enriched	Methanomassiliicoccales	d__Archaea;p__Thermoplasmatota;c__Thermoplasmata;o__Methanomassiliicoccales;f__Methanomethylophilaceae;g__Methanomicula;s__Methanomicula sp009780795	-	0	0	0	0	0	1
GCA_011045915_1	backbone	p__Thermotogota	d__Bacteria;p__Thermotogota;c__Thermotogae;o__Petrotogales;f__Kosmotogaceae;g__Mesotoga;s__Mesotoga infera_D	-	0	0	0	0	0	0
GCA_011048995_1	backbone	p__Macinerneyibacteriota	d__Bacteria;p__Macinerneyibacteriota;c__Macinerneyibacteria;o__Macinerneyibacteriales;f__DSCS01;g__DSCS01;s__DSCS01 sp011048995	-	0	0	0	0	0	0
GCA_011375275_1	backbone	p__Zhuqueibacterota	d__Bacteria;p__Zhuqueibacterota;c__Zhuqueibacteria;o__Zhuqueibacterales;f__Geothermadaptataceae;g__Geothermadaptatus;s__Geothermadaptatus sp011375275	-	0	0	0	0	0	0
GCA_011620345_1	backbone	p__UBA2233	d__Bacteria;p__UBA2233;c__UBA2233;o__UBA2233;f__UBA2233;g__UBA2233;s__UBA2233 sp011620345	-	0	0	0	0	0	0
GCA_011620765_1	backbone	p__Thermoplasmatota	d__Archaea;p__Thermoplasmatota;c__UBA186;o__UBA287;f__UBA287;g__UBA287;s__UBA287 sp011620765	-	0	0	0	0	0	0
GCA_012518265_1	enriched	Methanosarcinaceae	d__Archaea;p__Halobacteriota;c__Methanosarcinia;o__Methanosarcinales;f__Methanosarcinaceae;g__Methanofrustulum;s__Methanofrustulum fimipullorum	methanogenic	0	1	0	1	0	1
GCA_012799835_1	enriched	Methanofastidiosales	d__Archaea;p__Methanobacteriota_B;c__Thermococci;o__Methanofastidiosales;f__Methanofastidiosaceae;g__Methanofastidiosum;s__Methanofastidiosum sp012799835	-	0	0	0	0	0	1
GCA_013036315_1	backbone	p__Vulcanimicrobiota	d__Bacteria;p__Vulcanimicrobiota;c__Vulcanimicrobiia;o__Vulcanimicrobiales;f__Vulcanimicrobiaceae;g__Rubrimentiphilum;s__Rubrimentiphilum sp013036315	-	0	0	0	0	0	0
GCA_013139905_1	backbone	p__EX4484-52	d__Archaea;p__EX4484-52;c__EX4484-52;o__EX4484-52;f__B79-G9;g__GLR112;s__GLR112 sp013139905	-	0	0	0	0	0	0
GCA_013151235_1	backbone	p__CG2-30-53-67	d__Bacteria;p__CG2-30-53-67;c__CG2-30-53-67;o__CG2-30-53-67;f__CG2-30-53-67;g__JAADIO01;s__JAADIO01 sp013151235	-	0	0	0	0	0	0
GCA_013153205_1	backbone	p__Thermosulfidibacterota	d__Bacteria;p__Thermosulfidibacterota;c__Thermosulfidibacteria;o__Thermosulfidibacterales;f__Thermosulfidibacteraceae;g__JAADEW01;s__JAADEW01 sp013153205	-	0	0	0	0	0	0
GCA_013178255_1	backbone	p__Coprothermobacterota	d__Bacteria;p__Coprothermobacterota;c__Coprothermobacteria;o__Coprothermobacterales;f__Coprothermobacteraceae;g__JABLWY01;s__JABLWY01 sp013178255	-	0	0	0	0	0	0
GCA_013180585_1	enriched	ANME-1	d__Archaea;p__Halobacteriota;c__Syntropharchaeia;o__Alkanophagales;f__Methanospirareceae;g__QENJ01;s__QENJ01 sp013180585	-	0	0	0	0	0	0
GCA_013203855_1	backbone	p__Sumerlaeota	d__Bacteria;p__Sumerlaeota;c__Sumerlaeia;o__UBA8349;f__UBA8349;g__JABMPG01;s__JABMPG01 sp013203855	-	0	0	0	0	0	0
GCA_013329575_1	enriched	alkane_AcrA	d__Archaea;p__Halobacteriota;c__Methanoliparia;o__Methanoliparales;f__Methanoliparaceae;g__Methanoliparum;s__Methanoliparum sp8915u	methanogenic	0	1	0	1	0	1
GCA_013360445_1	backbone	p__Calditrichota	d__Bacteria;p__Calditrichota;c__Calditrichia;o__RBG-13-44-9;f__J075;g__JABWBP01;s__JABWBP01 sp013360445	-	0	0	0	0	0	0
GCA_013374505_1	enriched	ANME-1	d__Archaea;p__Halobacteriota;c__Syntropharchaeia;o__Alkanophagales;f__Methanospirareceae;g__QENJ01;s__QENJ01 sp013374505	reverse	0	1	0	1	0	1
GCA_013572355_1	enriched	ANME-2c	d__Archaea;p__Halobacteriota;c__Methanosarcinia;o__Methanosarcinales;f__Methanogasteraceae;g__Methanogaster_A;s__Methanogaster_A sp013572355	reverse	0	1	0	1	0	1
GCA_014189675_1	backbone	p__Undinarchaeota	d__Archaea;p__Undinarchaeota;c__Undinarchaeia;o__Undinarchaeales;f__Undinarchaeaceae;g__Undinarchaeum;s__Undinarchaeum sp014189675	-	0	0	0	0	0	0
GCA_014728125_1	backbone	p__Joyebacterota	d__Bacteria;p__Joyebacterota;c__Joyebacteria;o__Joyebacterales;f__Joyebacteraceae;g__WJMD01;s__WJMD01 sp014728125	-	0	0	0	0	0	0
GCA_014729705_1	backbone	p__Altiarchaeota	d__Archaea;p__Altiarchaeota;c__Altiarchaeia;o__IMC4;f__SCGC-AAA252-I15;g__WJJK01;s__WJJK01 sp014729705	-	0	0	0	0	0	0
GCA_014730175_1	backbone	p__Zixibacteria	d__Bacteria;p__Zixibacteria;c__MSB-5A5;o__UM-FILTER-46-8;f__UM-FILTER-46-8;g__WJIR01;s__WJIR01 sp014730175	-	0	0	0	0	0	0
GCA_014730185_1	backbone	p__Calditrichota	d__Bacteria;p__Calditrichota;c__Calditrichia;o__Calditrichales;f__Calditrichaceae;g__WJIP01;s__WJIP01 sp014730185	-	0	0	0	0	0	0
GCA_014859725_1	enriched	ANME-2ab	d__Archaea;p__Halobacteriota;c__Methanosarcinia;o__Methanosarcinales;f__Methanocomedenaceae;g__Kmv04;s__Kmv04 sp014859725	reverse	0	1	0	1	0	1
GCA_015062115_1	backbone	p__Elusimicrobiota	d__Bacteria;p__Elusimicrobiota;c__Elusimicrobia;o__Elusimicrobiales;f__Elusimicrobiaceae;g__Avelusimicrobium;s__Avelusimicrobium sp015062115	-	0	0	0	0	0	0
GCA_015062825_1	backbone	p__Methanobacteriota	d__Archaea;p__Methanobacteriota;c__Methanobacteria;o__Methanobacteriales;f__Methanobacteriaceae;g__Methanosphaera;s__Methanosphaera stadtmanae_A	methanogenic	0	1	0	1	0	1
GCA_015231535_1	backbone	p__SAR324	d__Bacteria;p__SAR324;c__SAR324;o__SAR324;f__NAC60-12;g__JADFZZ01;s__JADFZZ01 sp015232315	-	0	0	0	0	0	0
GCA_015660995_1	backbone	p__Thermoproteota	d__Archaea;p__Thermoproteota;c__Methanomethylicia;o__Methanomethylicales;f__Methanomethylicaceae;g__JACTUC01;s__JACTUC01 sp015660995	methanogenic	0	1	0	1	0	1
GCA_015662225_1	enriched	Methanococci	d__Archaea;p__AGJL01;c__Methanococci;o__Methanococcales;f__Methanococcaceae;g__Methanofervidicoccus;s__Methanofervidicoccus okinawensis_A	-	0	0	0	0	0	1
GCA_016176845_1	backbone	p__2-12-FULL-45-22	d__Bacteria;p__2-12-FULL-45-22;c__2-12-FULL-45-22;o__2-12-FULL-45-22;f__JACOWJ01;g__JACOWJ01;s__JACOWJ01 sp016176845	-	0	0	0	0	0	0
GCA_016180645_1	backbone	p__JACPQY01	d__Bacteria;p__JACPQY01;c__JACPQY01;o__JACPQY01;f__JACPQY01;g__JACPAV01;s__JACPAV01 sp016180645	-	0	0	0	0	0	0
GCA_016190245_1	backbone	p__JACPQY01	d__Bacteria;p__JACPQY01;c__JACPQY01;o__JACPQY01;f__JACPQY01;g__JACPQY01;s__JACPQY01 sp016190245	-	0	0	0	0	0	0
GCA_016192455_1	backbone	p__JACPUC01	d__Bacteria;p__JACPUC01;c__JACPUC01;o__JACPUC01;f__JACPUC01;g__JACPUC01;s__JACPUC01 sp016192455	-	0	0	0	0	0	0
GCA_016193065_1	backbone	p__JACPSX01	d__Bacteria;p__JACPSX01;c__JACPSX01;o__JACPSX01;f__JACPSX01;g__JACPSX01;s__JACPSX01 sp016193065	-	0	0	0	0	0	0
GCA_016200385_1	enriched	MOB_NC10	d__Bacteria;p__Methylomirabilota;c__Methylomirabilia;o__Methylomirabilales;f__Methylomirabilaceae;g__Methylomirabilis;s__Methylomirabilis sp016200385	-	0	0	0	0	0	0
GCA_016202395_1	backbone	p__JACQOV01	d__Bacteria;p__JACQOV01;c__JACQOV01;o__JACQOV01;f__JACQOV01;g__JACQOV01;s__JACQOV01 sp016202395	-	0	0	0	0	0	0
GCA_016234365_1	backbone	p__Elusimicrobiota	d__Bacteria;p__Elusimicrobiota;c__Elusimicrobia;o__Elusimicrobiales;f__UBA9959;g__UBA9959;s__UBA9959 sp016234365	-	0	0	0	0	0	0
GCA_016283195_1	backbone	p__JAEEML01	d__Bacteria;p__JAEEML01;c__JAEEML01;o__JAEEML01;f__JAEEML01;g__JAEEML01;s__JAEEML01 sp016283195	-	0	0	0	0	0	0
GCA_016703535_1	backbone	p__Myxococcota	d__Bacteria;p__Myxococcota;c__Kuafuiibacteriia;o__Kuafuiibacteriales;f__Kuafuiibacteriaceae;g__Kuafuiibacterium;s__Kuafuiibacterium phototrophicum	-	0	0	0	0	0	0
GCA_016783505_1	backbone	p__BS750m-G25	d__Bacteria;p__BS750m-G25;c__BS750m-G25;o__BS750m-G25;f__BS750m-G25;g__BS750m-G25;s__BS750m-G25 sp016783505	-	0	0	0	0	0	0
GCA_016866785_1	backbone	p__Poribacteria	d__Bacteria;p__Poribacteria;c__WGA-4E;o__GCA-2687025;f__GCA-2687025;g__VGLH01;s__VGLH01 sp016866785	-	0	0	0	0	0	0
GCA_016927185_1	backbone	p__JAFGND01	d__Bacteria;p__JAFGND01;c__JAFGND01;o__JAFGND01;f__JAFGND01;g__JAFGND01;s__JAFGND01 sp016927185	-	0	0	0	0	0	0
GCA_016929715_1	backbone	p__SDB-A	d__Bacteria;p__SDB-A;c__SDB-A;o__SDB-A;f__SDB-A;g__JAFGIG01;s__JAFGIG01 sp016929715	-	0	0	0	0	0	0
GCA_016934535_1	backbone	p__SDB-A	d__Bacteria;p__SDB-A;c__SDB-A;o__SDB-A;f__SDB-A;g__JAFGIG01;s__JAFGIG01 sp016934535	-	0	0	0	0	0	0
GCA_016934595_1	backbone	p__SZUA-182	d__Bacteria;p__SZUA-182;c__SZUA-182;o__DTGQ01;f__JAFGSM01;g__JAFGSM01;s__JAFGSM01 sp016934595	-	0	0	0	0	0	0
GCA_016934675_1	backbone	p__CSSED10-310	d__Bacteria;p__CSSED10-310;c__JAFGSJ01;o__JAFGSJ01;f__JAFGSJ01;g__JAFGSJ01;s__JAFGSJ01 sp016934675	-	0	0	0	0	0	0
GCA_016936235_1	backbone	p__Fermentibacterota	d__Bacteria;p__Fermentibacterota;c__Fermentibacteria;o__Fermentibacterales;f__JCC-6;g__Aegiribacteria;s__Aegiribacteria sp016936235	-	0	0	0	0	0	0
GCA_017879645_1	enriched	AOB_beta	d__Bacteria;p__Pseudomonadota;c__Gammaproteobacteria;o__Burkholderiales;f__Nitrosomonadaceae;g__Nitrosomonas;s__Nitrosomonas sp017879645	-	0	0	1	0	0	0
GCA_017995405_1	backbone	p__Cloacimonadota	d__Bacteria;p__Cloacimonadota;c__Cloacimonadia;o__Cloacimonadales;f__Cloacimonadaceae;g__UBA3900;s__UBA3900 sp017995405	-	0	0	0	0	0	0
GCA_017997825_1	backbone	p__JAGOEH01	d__Bacteria;p__JAGOEH01;c__JAGOEH01;o__JAGOEH01;f__JAGOEH01;g__JAGOEH01;s__JAGOEH01 sp017997825	-	0	0	0	0	0	0
GCA_017999075_1	backbone	p__JAGOBX01	d__Bacteria;p__JAGOBX01;c__JAGOBX01;o__JAGOBX01;f__JAGOBX01;g__JAGOBX01;s__JAGOBX01 sp017999075	-	0	0	0	0	0	0
GCA_018263585_1	backbone	p__Electryoneota	d__Bacteria;p__Electryoneota;c__Electryoneia;o__Electryoneales;f__Electryoneaceae;g__JAANWZ01;s__JAANWZ01 sp018263585	-	0	0	0	0	0	0
GCA_018812925_1	backbone	p__CAIJMQ01	d__Bacteria;p__CAIJMQ01;c__CAIJMQ01;o__CAIJMQ01;f__CAIJMQ01;g__CAZNJA01;s__CAZNJA01 sp018812925	-	0	0	0	0	0	0
GCA_018896935_1	backbone	p__UBP18	d__Bacteria;p__UBP18;c__UBA7526;o__UBA7526;f__UBA7526;g__DRGV01;s__DRGV01 sp018903055	-	0	0	0	0	0	0
GCA_019429165_1	enriched	ANME-3	d__Archaea;p__Halobacteriota;c__Methanosarcinia;o__Methanosarcinales;f__Methanosarcinaceae;g__Methanovorans;s__Methanovorans sp019429165	reverse	0	1	0	1	0	1
GCA_019561615_1	enriched	Methanococci	d__Archaea;p__AGJL01;c__Methanococci;o__Methanococcales;f__Methanococcaceae;g__Methanofervidicoccus;s__Methanofervidicoccus sp019561615	methanogenic	0	1	0	1	0	1
GCA_019635175_1	enriched	AOB_beta	d__Bacteria;p__Pseudomonadota;c__Gammaproteobacteria;o__Burkholderiales;f__Nitrosomonadaceae;g__Nitrosomonas;s__Nitrosomonas sp019635215	-	0	0	1	0	0	0
GCA_019912885_1	backbone	p__Lernaellota	d__Bacteria;p__Lernaellota;c__Lernaellaia;o__JACKCT01;f__JACKCT01;g__JAIOHV01;s__JAIOHV01 sp019912885	-	0	0	0	0	0	0
GCA_020061125_1	backbone	p__UBP15	d__Bacteria;p__UBP15;c__UBA6099;o__UBA6099;f__DSWB01;g__DSWB01;s__DSWB01 sp020061125	-	0	0	0	0	0	0
GCA_020348925_1	backbone	p__JBHIER01	d__Bacteria;p__JBHIER01;c__G020348925;o__G020348925;f__G020348925;g__G020348925;s__G020348925 sp020348925	-	0	0	0	0	0	0
GCA_020434085_1	backbone	p__JAGRBM01	d__Bacteria;p__JAGRBM01;c__JAGRBM01;o__JAGRBM01;f__JAGRBM01;g__JAGRBM01;s__JAGRBM01 sp020434085	-	0	0	0	0	0	0
GCA_020434345_1	backbone	p__Bdellovibrionota_G	d__Bacteria;p__Bdellovibrionota_G;c__JALEGL01;o__JALEGL01;f__JAGRMV01;g__JAGRMV01;s__JAGRMV01 sp020434345	-	0	0	0	0	0	0
GCA_020434365_1	backbone	p__Bdellovibrionota_G	d__Bacteria;p__Bdellovibrionota_G;c__JALEGL01;o__JALEGL01;f__JAGRMV01;g__JAGRAX01;s__JAGRAX01 sp020434365	-	0	0	0	0	0	0
GCA_020628165_1	backbone	p__Bdellovibrionota	d__Bacteria;p__Bdellovibrionota;c__Bdellovibrionia;o__Bdellovibrionales;f__UBA1609;g__JAHDIR01;s__JAHDIR01 sp020628165	-	0	0	0	0	0	0
GCA_020632975_1	backbone	p__Myxococcota_C	d__Bacteria;p__Myxococcota_C;c__UBA6777;o__UBA6777;f__UBA6777;g__JAKLKB01;s__JAKLKB01 sp020632975	-	0	0	0	0	0	0
GCA_020722945_1	backbone	p__DYJV01	d__Bacteria;p__DYJV01;c__DYJV01;o__DYJV01;f__DYJV01;g__DYJV01;s__DYJV01 sp020722945	-	0	0	0	0	0	0
GCA_020793565_1	enriched	ANME-3	d__Archaea;p__Halobacteriota;c__Methanosarcinia;o__Methanosarcinales;f__Methanosarcinaceae;g__Methanovorans;s__Methanovorans sp020793565	reverse	0	1	0	1	0	1
GCA_020849855_1	backbone	p__4484-113	d__Bacteria;p__4484-113;c__4484-113;o__4484-113;f__JAFGCY01;g__JADZFO01;s__JADZFO01 sp020849855	-	0	0	0	0	0	0
GCA_020850775_1	backbone	p__CLD3	d__Bacteria;p__CLD3;c__CLD3;o__CLD3;f__CLD3;g__JADZEA01;s__JADZEA01 sp020850775	-	0	0	0	0	0	0
GCA_021158465_1	backbone	p__UBP14	d__Bacteria;p__UBP14;c__UBA6098;o__4484-93;f__4484-93;g__4484-93;s__4484-93 sp021158465	-	0	0	0	0	0	0
GCA_021161405_1	backbone	p__Iainarchaeota	d__Archaea;p__Iainarchaeota;c__Iainarchaeia;o__Iainarchaeales;f__JAGHAR01;g__JAGHAR01;s__JAGHAR01 sp021161405	-	0	0	0	0	0	0
GCA_021163225_1	backbone	p__Micrarchaeota	d__Archaea;p__Micrarchaeota;c__Micrarchaeia;o__Anstonellales;f__JAGGXE01;g__JAGGXE01;s__JAGGXE01 sp021163225	-	0	0	0	0	0	0
GCA_021647145_1	enriched	MOB_Methylomonadaceae	d__Bacteria;p__Pseudomonadota;c__Gammaproteobacteria;o__Methylococcales;f__Methylomonadaceae;g__QPIN01;s__QPIN01 sp021647145	-	1	0	1	0	1	0
GCA_021783475_1	backbone	p__Thermodesulfobiota	d__Bacteria;p__Thermodesulfobiota;c__Thermodesulfobiia;o__Thermodesulfobiales;f__Thermodesulfobiaceae;g__Thermodesulfobium;s__Thermodesulfobium sp021783475	-	0	0	0	0	0	0
GCA_021787655_1	backbone	p__JAMCPX01	d__Bacteria;p__JAMCPX01;c__JAMCPX01;o__JAMCPX01;f__JAMCPX01;g__JAJYLM01;s__JAJYLM01 sp021787655	-	0	0	0	0	0	0
GCA_021806125_1	backbone	p__SZUA-79	d__Bacteria;p__SZUA-79;c__SZUA-79;o__Acidulodesulfobacterales;f__Acidulodesulfobacteraceae;g__Acidulodesulfobacterium_A;s__Acidulodesulfobacterium_A sp021806125	-	0	0	0	0	0	0
GCA_021827365_1	backbone	p__Nitrospirota	d__Bacteria;p__Nitrospirota;c__Leptospirillia;o__Leptospirillales;f__Leptospirillaceae;g__UBA4572;s__UBA4572 sp021827365	-	0	0	0	0	0	0
GCA_022545375_1	backbone	p__JADFOP01	d__Bacteria;p__JADFOP01;c__JADFOP01;o__JADFOP01;f__JADFOP01;g__JADFOP01;s__JADFOP01 sp022562795	-	0	0	0	0	0	0
GCA_022601475_1	backbone	p__Chlamydiota	d__Bacteria;p__Chlamydiota;c__Chlamydiia;o__Chlamydiales;f__JAAKFR01;g__JAJACO01;s__JAJACO01 sp022601475	-	0	0	0	0	0	0
GCA_022615475_1	backbone	p__Methylomirabilota	d__Bacteria;p__Methylomirabilota;c__Methylomirabilia;o__Methylomirabilales;f__CSP1-5;g__CSP1-5;s__CSP1-5 sp022615475	-	0	0	0	0	0	0
GCA_022759145_1	backbone	p__Caldisericota	d__Bacteria;p__Caldisericota;c__Caldisericia;o__Caldisericales;f__Caldisericaceae;g__Caldisericum;s__Caldisericum sp022759145	-	0	0	0	0	0	0
GCA_023128455_1	backbone	p__Campylobacterota_A	d__Bacteria;p__Campylobacterota_A;c__Desulfurellia;o__JAGGSF01;f__JAGGSF01;g__JAGGSF01;s__JAGGSF01 sp023128455	-	0	0	0	0	0	0
GCA_023129115_1	backbone	p__B1Sed10-29	d__Archaea;p__B1Sed10-29;c__B1Sed10-29;o__WALL01;f__WALL01;g__WALL01;s__WALL01 sp023129115	-	0	0	0	0	0	0
GCA_023129325_1	backbone	p__Hydrothermota	d__Bacteria;p__Hydrothermota;c__UBA3073;o__JACQXS01;f__JAGMCI01;g__JAGMCI01;s__JAGMCI01 sp023129325	-	0	0	0	0	0	0
GCA_023143305_1	backbone	p__CBDUZB01	d__Bacteria;p__CBDUZB01;c__JAGLHV01;o__JAGLHV01;f__JAGLHV01;g__JAGLHV01;s__JAGLHV01 sp023143305	-	0	0	0	0	0	0
GCA_023144005_1	backbone	p__AUK180	d__Bacteria;p__AUK180;c__AUK180;o__AUK180;f__AUK180;g__JAGLWT01;s__JAGLWT01 sp023144005	-	0	0	0	0	0	0
GCA_023150835_1	backbone	p__Myxococcota_C	d__Bacteria;p__Myxococcota_C;c__UBA6777;o__UBA6777;f__UBA6777;g__JAKLKB01;s__JAKLKB01 sp023150835	-	0	0	0	0	0	0
GCA_023249055_1	enriched	MOB_NC10	d__Bacteria;p__Methylomirabilota;c__Methylomirabilia;o__Methylomirabilales;f__Methylomirabilaceae;g__Methylomirabilis;s__Methylomirabilis sp023249055	-	1	0	1	0	1	0
GCA_023249275_1	enriched	ANME-2d	d__Archaea;p__Halobacteriota;c__Methanosarcinia;o__Methanosarcinales;f__Methanoperedenaceae;g__Methanoperedens;s__Methanoperedens sp023249275	-	0	0	0	0	0	1
GCA_023402275_1	enriched	Methanomassiliicoccales	d__Archaea;p__Thermoplasmatota;c__Thermoplasmata;o__Methanomassiliicoccales;f__Methanomethylophilaceae;g__Methanoplasma;s__Methanoplasma sp023402275	methanogenic	0	1	0	1	0	1
GCA_023512665_1	backbone	p__Bipolaricaulota	d__Bacteria;p__Bipolaricaulota;c__Bipolaricaulia;o__RBG-16-55-9;f__DRXL01;g__JANXCC01;s__JANXCC01 sp023512665	-	0	0	0	0	0	0
GCA_023544495_1	enriched	ANME-2ab	d__Archaea;p__Halobacteriota;c__Methanosarcinia;o__Methanosarcinales;f__Methanocomedenaceae;g__Methanocomedens_B;s__Methanocomedens_B sp023544495	-	0	0	0	0	0	0
GCA_024275095_1	backbone	p__JAJRZV01	d__Bacteria;p__JAJRZV01;c__JAJRZV01;o__JAJRZV01;f__JAJRZV01;g__JAJRZV01;s__JAJRZV01 sp024275095	-	0	0	0	0	0	0
GCA_024275315_1	backbone	p__Nitrospinota_A	d__Bacteria;p__Nitrospinota_A;c__UBA7883;o__UBA7883;f__UBA7883;g__JAJRZK01;s__JAJRZK01 sp024275315	-	0	0	0	0	0	0
GCA_024275775_1	backbone	p__Nitrospinota_A	d__Bacteria;p__Nitrospinota_A;c__UBA7883;o__JACRGQ01;f__JACRGQ01;g__JAJRYM01;s__JAJRYM01 sp024275775	-	0	0	0	0	0	0
GCA_024276815_1	backbone	p__JACRDZ01	d__Bacteria;p__JACRDZ01;c__JAJRWM01;o__JAJRWM01;f__JAJRWM01;g__JAJRWM01;s__JAJRWM01 sp024276815	-	0	0	0	0	0	0
GCA_024276995_1	backbone	p__Orphanbacterota	d__Bacteria;p__Orphanbacterota;c__Orphanbacteria;o__Orphanbacterales;f__Orphanbacteraceae;g__JAJRWB01;s__JAJRWB01 sp024276995	-	0	0	0	0	0	0
GCA_024278235_1	backbone	p__Poribacteria	d__Bacteria;p__Poribacteria;c__WGA-4E;o__JAJRTO01;f__JAJRTO01;g__JAJRTO01;s__JAJRTO01 sp024278235	-	0	0	0	0	0	0
GCA_024464205_1	enriched	Methanomethylicaceae	d__Archaea;p__Thermoproteota;c__Methanomethylicia;o__Methanomethylicales;f__Methanomethylicaceae;g__Methanomethylicus;s__Methanomethylicus sp024464205	-	0	0	0	0	0	1
GCA_024860865_1	backbone	p__JACRDV01	d__Archaea;p__JACRDV01;c__JACRDV01;o__JACRDV01;f__JACRDV01;g__JACRDV01;s__JACRDV01 sp024860865	-	0	0	0	0	0	0
GCA_025060205_1	backbone	p__Armatimonadota	d__Bacteria;p__Armatimonadota;c__Fervidibacteria;o__Fervidibacterales;f__Fervidibacteraceae;g__Fervidibacter;s__Fervidibacter sp025060205	-	0	0	0	0	0	0
GCA_025363775_1	backbone	p__Acidobacteriota	d__Bacteria;p__Acidobacteriota;c__Vicinamibacteria;o__Vicinamibacterales;f__Fen-181;g__FEN-299;s__FEN-299 sp025363775	-	0	0	0	0	0	0
GCA_025453925_1	backbone	p__JAFGKV01	d__Bacteria;p__JAFGKV01;c__JAFGKV01;o__JAFGKV01;f__JAFGKV01;g__JAFGKV01;s__JAFGKV01 sp025453925	-	0	0	0	0	0	0
GCA_025464225_1	enriched	ANME-1	d__Archaea;p__Halobacteriota;c__Syntropharchaeia;o__Alkanophagales;f__Methanospirareceae;g__G60ANME1;s__G60ANME1 sp025464345	-	0	0	0	0	0	0
GCA_025774555_1	backbone	p__Electryoneota	d__Bacteria;p__Electryoneota;c__B3-LCP;o__B3-LCP;f__B3-LCP;g__JALGVT01;s__JALGVT01 sp025774555	-	0	0	0	0	0	0
GCA_026388015_1	backbone	p__Oederibacteriota	d__Bacteria;p__Oederibacteriota;c__D2-FULL-39-29;o__D2-FULL-39-29;f__D2-FULL-39-29;g__D2-FULL-39-29;s__D2-FULL-39-29 sp026388015	-	0	0	0	0	0	0
GCA_026389015_1	backbone	p__Babelota	d__Bacteria;p__Babelota;c__Babeliae;o__Babelales;f__Vermiphilaceae;g__JAPLIR01;s__JAPLIR01 sp026389015	-	0	0	0	0	0	0
GCA_026393905_1	backbone	p__Acidobacteriota	d__Bacteria;p__Acidobacteriota;c__Aminicenantia;o__Aminicenantales;f__UBA4085;g__JAPKZH01;s__JAPKZH01 sp026393905	-	0	0	0	0	0	0
GCA_026415985_1	backbone	p__CALINM01	d__Bacteria;p__CALINM01;c__CALINM01;o__CALINM01;f__CALINM01;g__JAOAGA01;s__JAOAGA01 sp026415985	-	0	0	0	0	0	0
GCA_026418035_1	backbone	p__DUMJ01	d__Bacteria;p__DUMJ01;c__DUMJ01;o__DUMJ01;f__DUMJ01;g__DUMJ01;s__DUMJ01 sp026418035	-	0	0	0	0	0	0
GCA_026552975_1	enriched	ANME-2d	d__Archaea;p__Halobacteriota;c__Methanosarcinia;o__Methanosarcinales;f__Methanoperedenaceae;g__Methanoperedens;s__Methanoperedens sp026552975	reverse	0	1	0	1	0	1
GCA_026702745_1	backbone	p__JAAXHH01	d__Bacteria;p__JAAXHH01;c__JAAXHH01;o__JAAXHH01;f__JAAXHH01;g__JAAXHH01;s__JAAXHH01 sp026702745	-	0	0	0	0	0	0
GCA_026705445_1	backbone	p__Desulfobacterota_D	d__Bacteria;p__Desulfobacterota_D;c__UBA1144;o__Nemesobacterales;f__Nemesobacteraceae;g__Nemesobacter;s__Nemesobacter sp026705445	-	0	0	0	0	0	0
GCA_026712925_1	enriched	AOA	d__Archaea;p__Thermoproteota;c__Nitrososphaeria;o__Nitrososphaerales;f__Nitrosopumilaceae;g__JAPOPJ01;s__JAPOPJ01 sp026712925	-	0	0	1	0	0	0
GCA_026985515_1	backbone	p__JALSQH01	d__Bacteria;p__JALSQH01;c__JALSQH01;o__JALSQH01;f__JALSQH01;g__JALSQH01;s__JALSQH01 sp026985515	-	0	0	0	0	0	0
GCA_026987085_1	backbone	p__Aquificota	d__Bacteria;p__Aquificota;c__Aquificia;o__Aquificales;f__QOAS01;g__QOAS01;s__QOAS01 sp026987085	-	0	0	0	0	0	0
GCA_026991065_1	backbone	p__GCA-2686955	d__Bacteria;p__GCA-2686955;c__GCA-2686955;o__GCA-2686955;f__GCA-2686955;g__JALXCG01;s__JALXCG01 sp026991065	-	0	0	0	0	0	0
GCA_027004335_1	backbone	p__JALSQH01	d__Bacteria;p__JALSQH01;c__JALSQH01;o__JALSQH01;f__JALSQH01;g__JALTID01;s__JALTID01 sp027004335	-	0	0	0	0	0	0
GCA_027062325_1	backbone	p__JAMOTN01	d__Bacteria;p__JAMOTN01;c__JAMOTN01;o__JAMOTN01;f__JAMOTN01;g__JAMOTN01;s__JAMOTN01 sp027062325	-	0	0	0	0	0	0
GCA_027063545_1	backbone	p__JAMORN01	d__Bacteria;p__JAMORN01;c__JAMORN01;o__JAMORN01;f__JAMORN01;g__JAMORN01;s__JAMORN01 sp027063545	-	0	0	0	0	0	0
GCA_027491485_1	backbone	p__Korarchaeota	d__Archaea;p__Korarchaeota;c__Korarchaeia;o__Korarchaeales;f__Korarchaeaceae;g__Korarchaeum;s__Korarchaeum sp027491485	-	0	0	0	0	0	0
GCA_027491785_1	backbone	p__Korarchaeota	d__Archaea;p__Korarchaeota;c__Korarchaeia;o__Korarchaeales;f__Korarchaeaceae;g__Korarchaeum;s__Korarchaeum sp027491785	-	0	0	0	0	0	0
GCA_027717595_1	backbone	p__JADFOP01	d__Bacteria;p__JADFOP01;c__JADFOP01;o__JADFOP01;f__JADFOP01;g__JADFOP01;s__JADFOP01 sp027717595	-	0	0	0	0	0	0
GCA_028685295_1	backbone	p__UBP13	d__Bacteria;p__UBP13;c__UBA5359;o__UBA5359;f__UBA5359;g__UBA5359;s__UBA5359 sp028685295	-	0	0	0	0	0	0
GCA_028688175_1	enriched	Methanotrichaceae	d__Archaea;p__Halobacteriota;c__Methanosarcinia;o__Methanotrichales;f__Methanotrichaceae;g__Methanothrix;s__Methanothrix sp028688175	-	0	0	0	0	0	0
GCA_028688525_1	enriched	MOB_Methylococcaceae	d__Bacteria;p__Pseudomonadota;c__Gammaproteobacteria;o__Methylococcales;f__Methylococcaceae;g__Methylococcus;s__Methylococcus sp028688525	-	1	0	1	0	1	0
GCA_028700425_1	backbone	p__Spirochaetota	d__Bacteria;p__Spirochaetota;c__Spirochaetia;o__Sphaerochaetales;f__Sphaerochaetaceae;g__JAQVSP01;s__JAQVSP01 sp028700425	-	0	0	0	0	0	0
GCA_028709985_1	backbone	p__Synergistota	d__Bacteria;p__Synergistota;c__Synergistia;o__Synergistales;f__Dethiosulfovibrionaceae;g__Dethiosulfovibrio;s__Dethiosulfovibrio sp028709985	-	0	0	0	0	0	0
GCA_028710285_1	enriched	MOB_Verrucomicrobia	d__Bacteria;p__Verrucomicrobiota;c__Verrucomicrobiia;o__Methylacidiphilales;f__Methylacidiphilaceae;g__Methylacidimicrobium;s__Methylacidimicrobium sp028710285	-	1	0	1	0	1	0
GCA_028715055_1	backbone	p__Campylobacterota	d__Bacteria;p__Campylobacterota;c__Campylobacteria;o__Campylobacterales;f__Sulfurovaceae;g__BN30871;s__BN30871 sp028715055	-	0	0	0	0	0	0
GCA_028715665_1	backbone	p__CAIJMQ01	d__Bacteria;p__CAIJMQ01;c__CAIJMQ01;o__CAIJMQ01;f__CAIJMQ01;g__CAZNJA01;s__CAZNJA01 sp028715665	-	0	0	0	0	0	0
GCA_028867785_1	enriched	AOA	d__Archaea;p__Thermoproteota;c__Nitrososphaeria;o__Nitrososphaerales;f__Nitrosopumilaceae;g__Nitrosotalea;s__Nitrosotalea sp028867785	-	0	0	0	0	0	0
GCA_029259175_1	backbone	p__Hadarchaeota	d__Archaea;p__Hadarchaeota;c__Hadarchaeia;o__Hadarchaeales;f__Hadarchaeaceae;g__JAVZGN01;s__JAVZGN01 sp029259175	-	0	0	0	0	0	0
GCA_029553345_1	backbone	p__Dictyoglomota	d__Bacteria;p__Dictyoglomota;c__Dictyoglomia;o__Dictyoglomales;f__Dictyoglomaceae;g__JAKOUL01;s__JAKOUL01 sp035378845	-	0	0	0	0	0	0
GCA_029858095_1	enriched	Nitrospira_comammox	d__Bacteria;p__Nitrospirota;c__Nitrospiria;o__Nitrospirales;f__Nitrospiraceae;g__Nitrospira_D;s__Nitrospira_D sp029858925	-	0	0	0	0	0	0
GCA_029887795_1	enriched	Methanomethylicaceae	d__Archaea;p__Thermoproteota;c__Methanomethylicia;o__Methanomethylicales;f__Methanomethylicaceae;g__WYZ-LMO10;s__WYZ-LMO10 sp029887795	methanogenic	0	1	0	1	0	1
GCA_029933275_1	backbone	p__Chloroflexota	d__Bacteria;p__Chloroflexota;c__Anaerolineae;o__Anaerolineales;f__Villigracilaceae;g__Desulfolinea;s__Desulfolinea sp029933275	-	0	0	0	0	0	0
GCA_030041545_1	backbone	p__Oederibacteriota	d__Bacteria;p__Oederibacteriota;c__Muellerivitia;o__Muellerivitales;f__Muellerivitaceae;g__JAJPJW01;s__JAJPJW01 sp030041545	-	0	0	0	0	0	0
GCA_030429345_1	backbone	p__CAIWAD01	d__Bacteria;p__CAIWAD01;c__CAIWAD01;o__CAIWAD01;f__CAIWAD01;g__JAUIFJ01;s__JAUIFJ01 sp030429345	-	0	0	0	0	0	0
GCA_030491005_1	backbone	p__Campylobacterota	d__Bacteria;p__Campylobacterota;c__Campylobacteria;o__Campylobacterales;f__Arcobacteraceae;g__BB30;s__BB30 sp030491005	-	0	0	0	0	0	0
GCA_030590165_1	backbone	p__SpSt-1190	d__Archaea;p__SpSt-1190;c__SpSt-1190;o__SpSt-1190;f__SpSt-1190;g__JAUUZA01;s__JAUUZA01 sp030590165	-	0	0	0	0	0	0
GCA_030595925_1	backbone	p__CBDUZB01	d__Bacteria;p__CBDUZB01;c__JAGLHV01;o__JAGLHV01;f__JAGLHV01;g__JAGLHV01;s__JAGLHV01 sp030595925	-	0	0	0	0	0	0
GCA_030602715_1	backbone	p__RBG-13-66-14	d__Bacteria;p__RBG-13-66-14;c__B26-G2;o__B26-G2;f__JAUVZD01;g__JAUVZD01;s__JAUVZD01 sp030602715	-	0	0	0	0	0	0
GCA_030609665_1	enriched	ANME-3	d__Archaea;p__Halobacteriota;c__Methanosarcinia;o__Methanosarcinales;f__Methanosarcinaceae;g__Methanovorans;s__Methanovorans sp030609665	reverse	0	1	0	1	0	1
GCA_030611765_1	backbone	p__Cloacimonadota	d__Bacteria;p__Cloacimonadota;c__Cloacimonadia;o__JGIOTU-2;f__JGIOTU-2;g__Celaenobacter;s__Celaenobacter sp030611765	-	0	0	0	0	0	0
GCA_030615145_1	backbone	p__Asgardarchaeota	d__Archaea;p__Asgardarchaeota;c__Lokiarchaeia;o__Sigyniarchaeales;f__SOKP01;g__SOKP01;s__SOKP01 sp030615145	-	0	0	0	0	0	0
GCA_030615405_1	backbone	p__Aerophobota	d__Bacteria;p__Aerophobota;c__Aerophobia;o__Aerophobales;f__AE-B3A;g__JAUWRC01;s__JAUWRC01 sp030640665	-	0	0	0	0	0	0
GCA_030615855_1	backbone	p__UBP18	d__Bacteria;p__UBP18;c__UBA7526;o__UBA7526;f__UBA7526;g__JAUWXM01;s__JAUWXM01 sp030615855	-	0	0	0	0	0	0
GCA_030619245_1	backbone	p__UBA6262	d__Bacteria;p__UBA6262;c__WVXT01;o__WVXT01;f__JAUXBS01;g__JAUXBS01;s__JAUXBS01 sp030619245	-	0	0	0	0	0	0
GCA_030619955_1	backbone	p__Nanobdellota	d__Archaea;p__Nanobdellota;c__Nanobdellia;o__Pacearchaeales;f__UBA284;g__JAUXAK01;s__JAUXAK01 sp030619955	-	0	0	0	0	0	0
GCA_030620115_1	backbone	p__JAFGKV01	d__Bacteria;p__JAFGKV01;c__JAFGKV01;o__JAFGKV01;f__JAFGKV01;g__JAUXFG01;s__JAUXFG01 sp030620115	-	0	0	0	0	0	0
GCA_030620925_1	backbone	p__JAUXIQ01	d__Bacteria;p__JAUXIQ01;c__JAUXIQ01;o__JAUXIQ01;f__JAUXIQ01;g__JAUXIQ01;s__JAUXIQ01 sp030620925	-	0	0	0	0	0	0
GCA_030625085_1	backbone	p__SZUA-182	d__Bacteria;p__SZUA-182;c__SZUA-182;o__DTGQ01;f__DTGQ01;g__DAOURK01;s__DAOURK01 sp030625085	-	0	0	0	0	0	0
GCA_030636965_1	backbone	p__BMS3Abin14	d__Bacteria;p__BMS3Abin14;c__BMS3Abin14;o__BMS3Abin14;f__BMS3Abin14;g__SZUA-178;s__SZUA-178 sp030636965	-	0	0	0	0	0	0
GCA_030640725_1	enriched	ANME-2c	d__Archaea;p__Halobacteriota;c__Methanosarcinia;o__Methanosarcinales;f__Methanogasteraceae;g__Methanogaster_D;s__Methanogaster_D sp030640725	-	0	0	0	0	0	0
GCA_030648035_1	backbone	p__UBA10199	d__Bacteria;p__UBA10199;c__UBA10199;o__SPLOWO2-01-44-7;f__SPLOWO2-01-44-7;g__JAUSII01;s__JAUSII01 sp030648035	-	0	0	0	0	0	0
GCA_030652805_1	backbone	p__JAHJDO01	d__Bacteria;p__JAHJDO01;c__JAHJDO01;o__JAHJDO01;f__JAHJDO01;g__JAHJDO01;s__JAHJDO01 sp030652805	-	0	0	0	0	0	0
GCA_030655675_1	enriched	ANME-3	d__Archaea;p__Halobacteriota;c__Methanosarcinia;o__Methanosarcinales;f__Methanosarcinaceae;g__Methanovorans;s__Methanovorans sp030655675	reverse	0	1	0	1	0	1
GCA_030656095_1	backbone	p__Synergistota	d__Bacteria;p__Synergistota;c__Synergistia;o__Synergistales;f__Thermovirgaceae;g__UBA2252;s__UBA2252 sp030656095	-	0	0	0	0	0	0
GCA_030666935_1	backbone	p__Atribacterota	d__Bacteria;p__Atribacterota;c__Phoenicimicrobiia;o__Phoenicimicrobiales;f__Phoenicimicrobiaceae;g__Sediminicultor;s__Sediminicultor sp030666935	-	0	0	0	0	0	0
GCA_030668065_1	enriched	ANME-1	d__Archaea;p__Halobacteriota;c__Syntropharchaeia;o__Alkanophagales;f__Methanospirareceae;g__QENJ01;s__QENJ01 sp030668065	-	0	0	0	0	0	0
GCA_030671985_1	backbone	p__JAHJDO01	d__Bacteria;p__JAHJDO01;c__JAHJDO01;o__JAHJDO01;f__JAHJDO01;g__JAHJDO01;s__JAHJDO01 sp030671985	-	0	0	0	0	0	0
GCA_030672345_1	enriched	ANME-2c	d__Archaea;p__Halobacteriota;c__Methanosarcinia;o__Methanosarcinales;f__Methanogasteraceae;g__Methanogaster_D;s__Methanogaster_D sp030672345	-	0	0	0	0	0	0
GCA_030673425_1	backbone	p__CAYTYR01	d__Bacteria;p__CAYTYR01;c__UBA6262;o__DAOVJB01;f__DAOVJB01;g__DAOVJB01;s__DAOVJB01 sp030673425	-	0	0	0	0	0	0
GCA_030691545_1	backbone	p__Auribacterota	d__Bacteria;p__Auribacterota;c__JABMQX01;o__JABMQX01;f__JABMQX01;g__JAUYEE01;s__JAUYEE01 sp030691545	-	0	0	0	0	0	0
GCA_030698575_1	backbone	p__JAUYMQ01	d__Bacteria;p__JAUYMQ01;c__JAUYMQ01;o__JAUYMQ01;f__JAUYMQ01;g__JAUYMQ01;s__JAUYMQ01 sp030698575	-	0	0	0	0	0	0
GCA_030947645_1	backbone	p__Vulcanimicrobiota	d__Bacteria;p__Vulcanimicrobiota;c__Vulcanimicrobiia;o__Vulcanimicrobiales;f__Vulcanimicrobiaceae;g__JALZBG01;s__JALZBG01 sp030947645	-	0	0	0	0	0	0
GCA_030948025_1	enriched	MOB_alpha	d__Bacteria;p__Pseudomonadota;c__Alphaproteobacteria;o__Rhizobiales;f__Beijerinckiaceae;g__Methylocapsa;s__Methylocapsa sp030948025	-	0	0	1	0	1	0
GCA_031255895_1	enriched	Methanomicrobia	d__Archaea;p__Halobacteriota;c__Methanomicrobia;o__Methanomicrobiales;f__Methanocorpusculaceae;g__Methanocorpusculum;s__Methanocorpusculum sp031255895	-	0	0	0	0	0	0
GCA_031406795_1	backbone	p__JAUVQV01	d__Bacteria;p__JAUVQV01;c__JAUVQV01;o__JAUVQV01;f__DATDCY01;g__DATDCY01;s__DATDCY01 sp031406795	-	0	0	0	0	0	0
GCA_031432495_1	backbone	p__Sysuimicrobiota	d__Bacteria;p__Sysuimicrobiota;c__Sysuimicrobiia;o__Sysuimicrobiales;f__Sysuimicrobiaceae;g__Caldifonticola;s__Caldifonticola tengchongensis	-	0	0	0	0	0	0
GCA_031551405_1	backbone	p__RUG730	d__Bacteria;p__RUG730;c__RUG730;o__RUG730;f__RUG730;g__JAVBNQ01;s__JAVBNQ01 sp031551405	-	0	0	0	0	0	0
GCA_031960865_1	backbone	p__Campylobacterota_A	d__Bacteria;p__Campylobacterota_A;c__Desulfurellia;o__Desulfurellales;f__Desulfurellaceae;g__Desulfurella;s__Desulfurella sp031960885	-	0	0	0	0	0	0
GCA_034658995_1	enriched	ANME-2c	d__Archaea;p__Halobacteriota;c__Methanosarcinia;o__Methanosarcinales;f__Methanogasteraceae;g__Methanogaster_D;s__Methanogaster_D sp034658995	-	0	0	0	0	0	0
GCA_034660415_1	enriched	ANME-1	d__Archaea;p__Halobacteriota;c__Syntropharchaeia;o__Alkanophagales;f__Methanospirareceae;g__Methanophaga;s__Methanophaga sp034660415	reverse	0	1	0	1	0	1
GCA_034679345_1	backbone	p__Eisenbacteria	d__Bacteria;p__Eisenbacteria;c__RBG-16-71-46;o__CAIMUX01;f__VGJL01;g__JAXDAY01;s__JAXDAY01 sp034679345	-	0	0	0	0	0	0
GCA_034717985_1	backbone	p__CAZDME01	d__Bacteria;p__CAZDME01;c__JAYEMH01;o__JAYEMH01;f__JAYEMH01;g__JAYEMH01;s__JAYEMH01 sp034717985	-	0	0	0	0	0	0
GCA_035249825_1	backbone	p__Gemmatimonadota	d__Bacteria;p__Gemmatimonadota;c__Gemmatimonadetes;o__Gemmatimonadales;f__GWC2-71-9;g__CAVVWJ01;s__CAVVWJ01 sp035249825	-	0	0	0	0	0	0
GCA_035288405_1	backbone	p__JACPSX01	d__Bacteria;p__JACPSX01;c__JACPSX01;o__JACPSX01;f__JACPSX01;g__JACPSX01;s__JACPSX01 sp035288405	-	0	0	0	0	0	0
GCA_035342415_1	enriched	Methanofastidiosales	d__Archaea;p__Methanobacteriota_B;c__Thermococci;o__Methanofastidiosales;f__Methanofastidiosaceae;g__Methanofastidiosum;s__Methanofastidiosum sp035362715	-	0	0	0	0	0	1
GCA_035353495_1	backbone	p__DAOPZR01	d__Bacteria;p__DAOPZR01;c__DAOPZR01;o__DAOPZR01;f__DAOPZR01;g__CAZFBR01;s__CAZFBR01 sp035353495	-	0	0	0	0	0	0
GCA_035359435_1	backbone	p__JAGOBX01	d__Bacteria;p__JAGOBX01;c__JAGOBX01;o__DAONJL01;f__DAONJL01;g__DAONJL01;s__DAONJL01 sp035405645	-	0	0	0	0	0	0
GCA_035379745_1	backbone	p__Fermentibacterota	d__Bacteria;p__Fermentibacterota;c__Fermentibacteria;o__Fermentibacterales;f__JCC-6;g__Sabulitectum;s__Sabulitectum sp036743055	-	0	0	0	0	0	0
GCA_035380865_1	backbone	p__UBP15	d__Bacteria;p__UBP15;c__UBA6099;o__UBA6099;f__UBA6099;g__DAOSYA01;s__DAOSYA01 sp035380865	-	0	0	0	0	0	0
GCA_035391185_1	enriched	Methanotrichaceae	d__Archaea;p__Halobacteriota;c__Methanosarcinia;o__Methanotrichales;f__Methanotrichaceae;g__Methanocrinis;s__Methanocrinis sp040770465	-	0	0	0	0	0	1
GCA_035391585_1	backbone	p__Macinerneyibacteriota	d__Bacteria;p__Macinerneyibacteriota;c__Macinerneyibacteria;o__Macinerneyibacteriales;f__DSCS01;g__DSCS01;s__DSCS01 sp035391585	-	0	0	0	0	0	0
GCA_035404685_1	enriched	Methanofastidiosales	d__Archaea;p__Methanobacteriota_B;c__Thermococci;o__Methanofastidiosales;f__NM3;g__JAFGGT01;s__JAFGGT01 sp036733165	methanogenic	0	1	0	1	0	1
GCA_035484035_1	backbone	p__Verrucomicrobiota	d__Bacteria;p__Verrucomicrobiota;c__Verrucomicrobiia;o__Chthoniobacterales;f__JAFAMB01;g__JAFAMB01;s__JAFAMB01 sp035484035	-	0	0	0	0	0	0
GCA_035489015_1	backbone	p__Myxococcota_A	d__Bacteria;p__Myxococcota_A;c__Polyangia;o__Haliangiales;f__Haliangiaceae;g__DATFRY01;s__DATFRY01 sp035489015	-	0	0	0	0	0	0
GCA_035530415_1	enriched	ANME-2ab	d__Archaea;p__Halobacteriota;c__Methanosarcinia;o__Methanosarcinales;f__Methanocomedenaceae;g__Kmv04;s__Kmv04 sp035530415	-	0	0	0	0	0	0
GCA_035542955_1	backbone	p__Eisenbacteria	d__Bacteria;p__Eisenbacteria;c__RBG-16-71-46;o__RBG-16-71-46;f__RBG-16-71-46;g__JANXPZ01;s__JANXPZ01 sp035542955	-	0	0	0	0	0	0
GCA_035561835_1	enriched	MOB_NC10	d__Bacteria;p__Methylomirabilota;c__Methylomirabilia;o__Methylomirabilales;f__Methylomirabilaceae;g__Methylomirabilis;s__Methylomirabilis sp035561835	-	1	0	1	0	1	0
GCA_036381125_1	backbone	p__DASVDK01	d__Bacteria;p__DASVDK01;c__DASVDK01;o__DASVDK01;f__DASVDK01;g__DASVDK01;s__DASVDK01 sp036381125	-	0	0	0	0	0	0
GCA_036444275_1	backbone	p__Hydrothermarchaeota	d__Archaea;p__Hydrothermarchaeota;c__Hydrothermarchaeia;o__Hydrothermarchaeales;f__JAZGAD01;g__JAZGAD01;s__JAZGAD01 sp036444275	-	0	0	0	0	0	0
GCA_036477985_1	backbone	p__UBA8248	d__Bacteria;p__UBA8248;c__UBA8248;o__UBA8248;f__UBA8248;g__JAZGDQ01;s__JAZGDQ01 sp036477985	-	0	0	0	0	0	0
GCA_036480675_1	backbone	p__RBG-13-66-14	d__Bacteria;p__RBG-13-66-14;c__B26-G2;o__WVWN01;f__WVWN01;g__WVWN01;s__WVWN01 sp036480675	-	0	0	0	0	0	0
GCA_036504475_1	enriched	Methanosarcinaceae	d__Archaea;p__Halobacteriota;c__Methanosarcinia;o__Methanosarcinales;f__Methanosarcinaceae;g__Methanosarcina;s__Methanosarcina sp036504475	methanogenic	0	1	0	1	0	1
GCA_036562265_1	backbone	p__DASVDK01	d__Bacteria;p__DASVDK01;c__DASVDK01;o__DASVDK01;f__DASVDK01;g__DASVDK01;s__DASVDK01 sp036562265	-	0	0	0	0	0	0
GCA_036824335_1	backbone	p__Edwardsbacteria	d__Bacteria;p__Edwardsbacteria;c__AC1;o__AC1;f__EtOH8;g__CALGNM01;s__CALGNM01 sp937958665	-	0	0	0	0	0	0
GCA_037439705_1	backbone	p__JBBIVP01	d__Bacteria;p__JBBIVP01;c__JBBIVP01;o__JBBIVP01;f__JBBIVP01;g__JBBIVP01;s__JBBIVP01 sp037439705	-	0	0	0	0	0	0
GCA_038061795_1	backbone	p__Patescibacteriota	d__Bacteria;p__Patescibacteriota;c__Minisyncoccia;o__Phycocordibacterales;f__PALSA-1337;g__CAIOGI01;s__CAIOGI01 sp038061795	-	0	0	0	0	0	0
GCA_038108555_1	backbone	p__Nitrospinota	d__Bacteria;p__Nitrospinota;c__Nitrospinia;o__Nitrospinales;f__VA-1;g__UBA8687;s__UBA8687 sp038108555	-	0	0	0	0	0	0
GCA_038825355_1	backbone	p__Thermoproteota	d__Archaea;p__Thermoproteota;c__Bathyarchaeia;o__40CM-2-53-6;f__DTGE01;g__DTGE01;s__DTGE01 sp038825355	-	0	0	0	0	0	0
GCA_038890115_1	backbone	p__Nanobdellota	d__Archaea;p__Nanobdellota;c__Nanobdellia;o__Woesearchaeales;f__ARS49;g__JAWADY01;s__JAWADY01 sp038891615	-	0	0	0	0	0	0
GCA_038999215_1	backbone	p__Aenigmatarchaeota	d__Archaea;p__Aenigmatarchaeota;c__Aenigmatarchaeia;o__Aenigmatarchaeales;f__JACQIB01;g__JAWABM01;s__JAWABM01 sp038999215	-	0	0	0	0	0	0
GCA_039630415_1	backbone	p__DRYD01	d__Bacteria;p__DRYD01;c__DRYD01;o__DRYD01;f__DRYD01;g__DRYD01;s__DRYD01 sp039630415	-	0	0	0	0	0	0
GCA_039679445_1	enriched	Methanofastidiosales	d__Archaea;p__Methanobacteriota_B;c__Thermococci;o__Methanofastidiosales;f__Methanofastidiosaceae;g__Methanofastidiosum;s__Methanofastidiosum sp039679445	methanogenic	0	1	0	1	0	1
GCA_039683515_1	backbone	p__Sumerlaeota	d__Bacteria;p__Sumerlaeota;c__Sumerlaeia;o__MVZB01;f__MVZB01;g__JAJFUE01;s__JAJFUE01 sp039683515	-	0	0	0	0	0	0
GCA_040225955_1	backbone	p__Asgardarchaeota	d__Archaea;p__Asgardarchaeota;c__Asgardarchaeia;o__Asgardarchaeales;f__Asgardarchaeaceae;g__Asgardarchaeum;s__Asgardarchaeum abyssi	-	0	0	0	0	0	0
GCA_040386775_1	backbone	p__Bdellovibrionota	d__Bacteria;p__Bdellovibrionota;c__Bdellovibrionia;o__Bdellovibrionales;f__JAEYZS01;g__JAEYZS01;s__JAEYZS01 sp040386775	-	0	0	0	0	0	0
GCA_040752395_1	backbone	p__JBFMHD01	d__Bacteria;p__JBFMHD01;c__JBFMHD01;o__JBFMHD01;f__JBFMHD01;g__JBFMHD01;s__JBFMHD01 sp040752395	-	0	0	0	0	0	0
GCA_040755155_1	backbone	p__Hinthialibacterota	d__Bacteria;p__Hinthialibacterota;c__Hinthialibacteria;o__Hinthialibacterales;f__Hinthialibacteraceae;g__JBFMBP01;s__JBFMBP01 sp040755155	-	0	0	0	0	0	0
GCA_040755795_1	backbone	p__UBA9089	d__Bacteria;p__UBA9089;c__CG2-30-40-21;o__CG2-30-40-21;f__SBAY01;g__JBFLXS01;s__JBFLXS01 sp040755795	-	0	0	0	0	0	0
GCA_040757115_1	backbone	p__UBA9089	d__Bacteria;p__UBA9089;c__CG2-30-40-21;o__CG2-30-40-21;f__SBAY01;g__JBFLXS01;s__JBFLXS01 sp040757115	-	0	0	0	0	0	0
GCA_040772385_1	backbone	p__Moduliflexota	d__Bacteria;p__Moduliflexota;c__Moduliflexia;o__Moduliflexales;f__Moduliflexaceae;g__Vecturithrix;s__Vecturithrix sp040772385	-	0	0	0	0	0	0
GCA_041306075_1	backbone	p__Altiarchaeota	d__Archaea;p__Altiarchaeota;c__Altiarchaeia;o__IMC4;f__SCGC-AAA252-I15;g__JAHIYG01;s__JAHIYG01 sp041306075	-	0	0	0	0	0	0
GCA_041393395_1	backbone	p__ARS69	d__Bacteria;p__ARS69;c__ARS69;o__ARS69;f__ARS69;g__JAGQIB01;s__JAGQIB01 sp041393395	-	0	0	0	0	0	0
GCA_041483475_1	backbone	p__Fibrobacterota	d__Bacteria;p__Fibrobacterota;c__Fibrobacteria;o__UBA11236;f__UBA11236;g__UBA11236;s__UBA11236 sp041483475	-	0	0	0	0	0	0
GCA_041486365_1	backbone	p__JAUYMQ01	d__Bacteria;p__JAUYMQ01;c__JAUYMQ01;o__JAUYMQ01;f__JAUYMQ01;g__JBGPLH01;s__JBGPLH01 sp041486365	-	0	0	0	0	0	0
GCA_041623475_1	backbone	p__J088	d__Bacteria;p__J088;c__J088;o__J088;f__J088;g__JBFJWU01;s__JBFJWU01 sp041623475	-	0	0	0	0	0	0
GCA_041640455_1	backbone	p__CALINM01	d__Bacteria;p__CALINM01;c__CALINM01;o__CALINM01;f__CALINM01;g__JAOAGA01;s__JAOAGA01 sp041640455	-	0	0	0	0	0	0
GCA_041651035_1	backbone	p__Omnitrophota	d__Bacteria;p__Omnitrophota;c__Gorgyraeia;o__Gygaellales;f__Profunditerraquicolaceae;g__JBAZKC01;s__JBAZKC01 sp041651035	-	0	0	0	0	0	0
GCA_041665245_1	backbone	p__Margulisbacteria	d__Bacteria;p__Margulisbacteria;c__WOR-1;o__O2-12-FULL-45-9;f__XYB2-FULL-48-7;g__JBAYJF01;s__JBAYJF01 sp041665245	-	0	0	0	0	0	0
GCA_041675285_1	backbone	p__CAIWAD01	d__Bacteria;p__CAIWAD01;c__CAIWAD01;o__CAIWAD01;f__CAIWAD01;g__CAIWAD01;s__CAIWAD01 sp041675285	-	0	0	0	0	0	0
GCA_041690355_1	backbone	p__J088	d__Bacteria;p__J088;c__JAWLBW01;o__JAWLBW01;f__JAWLBW01;g__JAWLHK01;s__JAWLHK01 sp041690355	-	0	0	0	0	0	0
GCA_042570605_1	backbone	p__SM23-31	d__Bacteria;p__SM23-31;c__SM23-31;o__JBHPGK01;f__JBHPGK01;g__JBHPGK01;s__JBHPGK01 sp042570605	-	0	0	0	0	0	0
GCA_043729865_1	enriched	ANME-2d	d__Archaea;p__Halobacteriota;c__Methanosarcinia;o__Methanosarcinales;f__Methanoperedenaceae;g__Methanoperedens;s__Methanoperedens sp043729865	reverse	0	1	0	1	0	1
GCA_043800495_1	backbone	p__Aenigmatarchaeota	d__Archaea;p__Aenigmatarchaeota;c__Aenigmatarchaeia;o__GW2011-AR5;f__JACRAC01;g__JACRAC01;s__JACRAC01 sp043800495	-	0	0	0	0	0	0
GCA_043803085_1	backbone	p__Planctomycetota	d__Bacteria;p__Planctomycetota;c__Phycisphaerae;o__UBA1845;f__UBA1845;g__JAAEQG01;s__JAAEQG01 sp043803085	-	0	0	0	0	0	0
GCA_043805675_1	backbone	p__EX4484-52	d__Archaea;p__EX4484-52;c__EX4484-52;o__EX4484-52;f__B79-G9;g__B79-G9;s__B79-G9 sp043813875	-	0	0	0	0	0	0
GCA_043817485_1	backbone	p__JBDRGX01	d__Bacteria;p__JBDRGX01;c__JBDRGX01;o__JBDRGX01;f__JBDRGX01;g__JBDRGX01;s__JBDRGX01 sp043817485	-	0	0	0	0	0	0
GCA_043818685_1	backbone	p__Orphanbacterota	d__Bacteria;p__Orphanbacterota;c__Orphanbacteria;o__Orphanbacterales;f__Orphanbacteraceae;g__VGIW01;s__VGIW01 sp043818685	-	0	0	0	0	0	0
GCA_044351045_1	enriched	MOB_Methylococcaceae	d__Bacteria;p__Pseudomonadota;c__Gammaproteobacteria;o__Methylococcales;f__Methylococcaceae;g__UBA6136;s__UBA6136 sp044351045	-	0	0	0	0	0	0
GCA_045615885_1	backbone	p__Fibrobacterota	d__Bacteria;p__Fibrobacterota;c__Fibrobacteria;o__Fibrobacterales;f__Fibrobacteraceae;g__UBA1765;s__UBA1765 sp045615885	-	0	0	0	0	0	0
GCA_045633865_1	backbone	p__Bacteroidota	d__Bacteria;p__Bacteroidota;c__Bacteroidia;o__Bacteroidales;f__Paludibacteraceae;g__Enterocola;s__Enterocola sp045633865	-	0	0	0	0	0	0
GCA_046095205_1	backbone	p__Verrucomicrobiota	d__Bacteria;p__Verrucomicrobiota;c__Verrucomicrobiia;o__Opitutales;f__UBA953;g__UBA953;s__UBA953 sp046095205	-	0	0	0	0	0	0
GCA_046349135_1	enriched	MOB_alpha	d__Bacteria;p__Pseudomonadota;c__Alphaproteobacteria;o__Rhizobiales;f__Beijerinckiaceae;g__Methylocystis;s__Methylocystis sp046349135	-	1	0	1	0	1	0
GCA_046484865_1	backbone	p__Krumholzibacteriota	d__Bacteria;p__Krumholzibacteriota;c__Krumholzibacteriia;o__LZORAL124-64-63;f__LZORAL124-64-63;g__JAWOID01;s__JAWOID01 sp046484865	-	0	0	0	0	0	0
GCA_046497165_1	backbone	p__UBP6	d__Bacteria;p__UBP6;c__UBA1177;o__UBA1177;f__JAWOGE01;g__JAWOGE01;s__JAWOGE01 sp046497165	-	0	0	0	0	0	0
GCA_046497485_1	backbone	p__Nanohalarchaeota	d__Archaea;p__Nanohalarchaeota;c__Nanosalinia;o__Nanosalinales;f__Nanosalinaceae;g__B1-Br10-U2g21;s__B1-Br10-U2g21 sp046497485	-	0	0	0	0	0	0
GCA_046539725_1	backbone	p__Hydrogenedentota	d__Bacteria;p__Hydrogenedentota;c__Hydrogenedentia;o__Hydrogenedentales;f__SLHB01;g__SKRY01;s__SKRY01 sp046540175	-	0	0	0	0	0	0
GCA_046731995_1	enriched	AOA	d__Archaea;p__Thermoproteota;c__Nitrososphaeria;o__Nitrososphaerales;f__Nitrososphaeraceae;g__JAFAQB01;s__JAFAQB01 sp046731995	-	0	0	0	0	0	0
GCA_046759065_1	backbone	p__Thermoplasmatota	d__Archaea;p__Thermoplasmatota;c__Thermoplasmata;o__RBG-16-68-12;f__JAGMCJ01;g__JAGMCJ01;s__JAGMCJ01 sp046759065	-	0	0	0	0	0	0
GCA_046760505_1	backbone	p__CAYFZR01	d__Archaea;p__CAYFZR01;c__CAYFZR01;o__CAYFZR01;f__CAYFZR01;g__CAYFZR01;s__CAYFZR01 sp046760505	-	0	0	0	0	0	0
GCA_046760705_1	backbone	p__JBHIER01	d__Bacteria;p__JBHIER01;c__G020348925;o__G020348925;f__G020348925;g__JBHIER01;s__JBHIER01 sp046760705	-	0	0	0	0	0	0
GCA_049588055_1	enriched	Methanocellia	d__Archaea;p__Halobacteriota;c__Methanocellia;o__Methanocellales;f__Methanocellaceae;g__Methanocella_A;s__Methanocella_A sp963769045	methanogenic	0	1	0	1	0	1
GCA_049718665_1	backbone	p__Dictyoglomota	d__Bacteria;p__Dictyoglomota;c__Dictyoglomia;o__Dictyoglomales;f__Dictyoglomaceae;g__NZ13-RE01;s__NZ13-RE01 sp049718665	-	0	0	0	0	0	0
GCA_049967555_1	backbone	p__Micrarchaeota	d__Archaea;p__Micrarchaeota;c__Micrarchaeia;o__Micrarchaeales;f__CABMGC01;g__JAGDYD01;s__JAGDYD01 sp049967555	-	0	0	0	0	0	0
GCA_049968275_1	backbone	p__DRYD01	d__Bacteria;p__DRYD01;c__DRYD01;o__DRYD01;f__DRYD01;g__CAKZQG01;s__CAKZQG01 sp049969455	-	0	0	0	0	0	0
GCA_050123455_1	backbone	p__Arandabacterota	d__Bacteria;p__Arandabacterota;c__Arandabacteria;o__Arandabacterales;f__JALGWA01;g__JALGWA01;s__JALGWA01 sp050125095	-	0	0	0	0	0	0
GCA_050173015_1	backbone	p__Calditrichota	d__Bacteria;p__Calditrichota;c__Calditrichia;o__Calditrichales;f__JBFXGD01;g__JBFXGD01;s__JBFXGD01 sp050173015	-	0	0	0	0	0	0
GCA_050251945_1	backbone	p__Chrysiogenota	d__Bacteria;p__Chrysiogenota;c__Deferribacteres;o__Deferribacterales;f__Geovibrionaceae;g__Seleniivibrio;s__Seleniivibrio sp050251945	-	0	0	0	0	0	0
GCA_050253135_1	backbone	p__Campylobacterota_A	d__Bacteria;p__Campylobacterota_A;c__Desulfurellia;o__Desulfurellales;f__Desulfurellaceae;g__Desulfurella;s__Desulfurella sp050253135	-	0	0	0	0	0	0
GCA_051745145_1	backbone	p__CG03	d__Bacteria;p__CG03;c__SLGR01;o__SLGR01;f__JAGXOG01;g__CAYZAK01;s__CAYZAK01 sp051745145	-	0	0	0	0	0	0
GCA_052033935_1	backbone	p__Armatimonadota	d__Bacteria;p__Armatimonadota;c__UBA5829;o__DSUL01;f__DSUL01;g__JAGVUD01;s__JAGVUD01 sp052033935	-	0	0	0	0	0	0
GCA_052361045_1	enriched	ANME-3	d__Archaea;p__Halobacteriota;c__Methanosarcinia;o__Methanosarcinales;f__Methanosarcinaceae;g__Methanovorans;s__Methanovorans sp052361065	-	0	0	0	0	0	0
GCA_052390515_1	backbone	p__ARS69	d__Bacteria;p__ARS69;c__ARS69;o__ARS69;f__ARS69;g__JBQTGV01;s__JBQTGV01 sp052390515	-	0	0	0	0	0	0
GCA_900321865_1	backbone	p__RUG730	d__Bacteria;p__RUG730;c__RUG730;o__RUG730;f__RUG730;g__RUG730;s__RUG730 sp900321865	-	0	0	0	0	0	0
GCA_902386135_1	enriched	ANME-2d	d__Archaea;p__Halobacteriota;c__Methanosarcinia;o__Methanosarcinales;f__Methanoperedenaceae;g__Methanoperedens;s__Methanoperedens sp902386135	reverse	0	1	0	1	0	1
GCA_902386255_1	backbone	p__Halobacteriota	d__Archaea;p__Halobacteriota;c__Methanosarcinia;o__Methanosarcinales;f__Methanoperedenaceae;g__Methanoperedens;s__Methanoperedens sp902386255	-	0	0	0	0	0	1
GCA_902606065_1	backbone	p__Pseudomonadota	d__Bacteria;p__Pseudomonadota;c__Alphaproteobacteria;o__Pelagibacterales;f__Pelagibacteraceae;g__Pelagibacter;s__Pelagibacter sp902606065	-	0	0	0	0	0	0
GCA_902810705_1	enriched	MOB_Methylococcaceae	d__Bacteria;p__Pseudomonadota;c__Gammaproteobacteria;o__Methylococcales;f__Methylococcaceae;g__CADDYU01;s__CADDYU01 sp902810705	-	0	0	0	0	0	0
GCA_903819965_1	enriched	MOB_Methylococcaceae	d__Bacteria;p__Pseudomonadota;c__Gammaproteobacteria;o__Methylococcales;f__Methylococcaceae;g__Methylumidiphilus;s__Methylumidiphilus sp903934875	-	0	0	1	0	1	0
GCA_903831375_1	backbone	p__Chlamydiota	d__Bacteria;p__Chlamydiota;c__Chlamydiia;o__Chlamydiales;f__SM23-39;g__CAISYW01;s__CAISYW01 sp903889795	-	0	0	0	0	0	0
GCA_903857865_1	backbone	p__Bipolaricaulota	d__Bacteria;p__Bipolaricaulota;c__Bipolaricaulia;o__UBA7950;f__UBA9294;g__CAIOGO01;s__CAIOGO01 sp903857865	-	0	0	0	0	0	0
GCA_903883855_1	backbone	p__Bdellovibrionota_B	d__Bacteria;p__Bdellovibrionota_B;c__Oligoflexia;o__Oligoflexales;f__CAIYRB01;g__CAIYRB01;s__CAIYRB01 sp903928445	-	0	0	0	0	0	0
GCA_903930515_1	backbone	p__RBG-13-61-14	d__Bacteria;p__RBG-13-61-14;c__RBG-13-61-14;o__RBG-13-61-14;f__DRUE01;g__CAIYYW01;s__CAIYYW01 sp903930515	-	0	0	0	0	0	0
GCA_905236315_1	backbone	p__Spirochaetota	d__Bacteria;p__Spirochaetota;c__Spirochaetia;o__Treponematales;f__Treponemataceae;g__Treponema_D;s__Treponema_D sp905236315	-	0	0	0	0	0	0
GCA_937132175_1	backbone	p__Nanohalarchaeota	d__Archaea;p__Nanohalarchaeota;c__Nanosalinia;o__Nanosalinales;f__Nanosalinaceae;g__Nanosalina;s__Nanosalina sp937132175	-	0	0	0	0	0	0
GCA_937958695_1	backbone	p__DUMJ01	d__Bacteria;p__DUMJ01;c__DUMJ01;o__DUMJ01;f__DUMJ01;g__DUMJ01;s__DUMJ01 sp937958695	-	0	0	0	0	0	0
GCA_937967935_1	backbone	p__Sysuimicrobiota	d__Bacteria;p__Sysuimicrobiota;c__Sysuimicrobiia;o__Sysuimicrobiales;f__Sysuimicrobiaceae;g__Tepidifontimicrobium;s__Tepidifontimicrobium sp938028835	-	0	0	0	0	0	0
GCA_944321895_1	backbone	p__Bacteroidota	d__Bacteria;p__Bacteroidota;c__Bacteroidia;o__Bacteroidales;f__Paludibacteraceae;g__CALUNA01;s__CALUNA01 sp944321895	-	0	0	0	0	0	0
GCA_944358455_1	backbone	p__Bacillota_I	d__Bacteria;p__Bacillota_I;c__Bacilli_A;o__RF39;f__UBA660;g__CALVRE01;s__CALVRE01 sp944358455	-	0	0	0	0	0	0
GCA_945786985_1	backbone	p__CG2-30-53-67	d__Bacteria;p__CG2-30-53-67;c__CG2-30-53-67;o__CG2-30-53-67;f__CG2-30-53-67;g__CALZGC01;s__CALZGC01 sp945786985	-	0	0	0	0	0	0
GCA_945787325_1	backbone	p__Desulfobacterota	d__Bacteria;p__Desulfobacterota;c__Desulfobulbia;o__Desulfobulbales;f__BM004;g__CALZHP01;s__CALZHP01 sp945787325	-	0	0	0	0	0	0
GCA_945889655_1	backbone	p__Gemmatimonadota	d__Bacteria;p__Gemmatimonadota;c__Gemmatimonadetes;o__Gemmatimonadales;f__GWC2-71-9;g__SHZT01;s__SHZT01 sp945889655	-	0	0	0	0	0	0
GCA_945903675_1	enriched	MOB_Methylomonadaceae	d__Bacteria;p__Pseudomonadota;c__Gammaproteobacteria;o__Methylococcales;f__Methylomonadaceae;g__Methylobacter_C;s__Methylobacter_C sp945903675	-	1	0	1	0	1	0
GCA_947491025_1	backbone	p__Myxococcota_A	d__Bacteria;p__Myxococcota_A;c__UBA9042;o__UBA9042;f__UBA9042;g__SXNM01;s__SXNM01 sp947491025	-	0	0	0	0	0	0
GCA_963422735_1	backbone	p__Latescibacterota	d__Bacteria;p__Latescibacterota;c__UBA2968;o__UBA8231;f__UBA8231;g__GCA-2724215;s__GCA-2724215 sp963422735	-	0	0	0	0	0	0
GCA_963586845_1	enriched	Methanomassiliicoccales	d__Archaea;p__Thermoplasmatota;c__Thermoplasmata;o__Methanomassiliicoccales;f__Methanomethylophilaceae;g__Methanoprimaticola;s__Methanoprimaticola sp963586845	methanogenic	0	1	0	1	0	1
GCA_963594315_1	enriched	Methanomassiliicoccales	d__Archaea;p__Thermoplasmatota;c__Thermoplasmata;o__Methanomassiliicoccales;f__Methanomethylophilaceae;g__Methanarcanum;s__Methanarcanum sp963651945	methanogenic	0	1	0	1	0	1
GCA_963665755_1	backbone	p__JAAXHH01	d__Bacteria;p__JAAXHH01;c__JAAXHH01;o__JAAXHH01;f__JAAXHH01;g__JAAXHH01;s__JAAXHH01 sp963665755	-	0	0	0	0	0	0
GCA_963701105_1	backbone	p__Actinomycetota	d__Bacteria;p__Actinomycetota;c__Thermoleophilia;o__RBG-16-64-13;f__RBG-16-64-13;g__JAHJSA01;s__JAHJSA01 sp963701105	-	0	0	0	0	0	0
GCA_963745455_1	enriched	AOB_beta	d__Bacteria;p__Pseudomonadota;c__Gammaproteobacteria;o__Burkholderiales;f__Nitrosomonadaceae;g__Nitrosospira;s__Nitrosospira sp963745455	-	0	0	1	0	0	0
GCA_963768165_1	backbone	p__UBP4	d__Bacteria;p__UBP4;c__UBA4092;o__UBA4092;f__UBA4092;g__CAVYHJ01;s__CAVYHJ01 sp963768165	-	0	0	0	0	0	0
GCA_963773125_1	backbone	p__Tectomicrobia	d__Bacteria;p__Tectomicrobia;c__Entotheonellia;o__Entotheonellales;f__Entotheonellaceae;g__CAVZBC01;s__CAVZBC01 sp963773125	-	0	0	0	0	0	0
GCA_963775895_1	backbone	p__Thermoproteota	d__Archaea;p__Thermoproteota;c__Bathyarchaeia;o__Bathyarchaeales;f__Bathycorpusculaceae;g__DASPPK01;s__DASPPK01 sp963775895	-	0	0	0	0	0	0
GCA_963776515_1	enriched	Methanobacteria	d__Archaea;p__Methanobacteriota;c__Methanobacteria;o__Methanobacteriales;f__Methanobacteriaceae;g__Methanobacterium_B;s__Methanobacterium_B sp963776515	methanogenic	0	1	0	1	0	1
GCA_963786915_1	enriched	AOA	d__Archaea;p__Thermoproteota;c__Nitrososphaeria;o__Nitrososphaerales;f__Nitrososphaeraceae;g__Nitrososphaera;s__Nitrososphaera sp963786915	-	0	0	0	0	0	0
GCA_963789555_1	enriched	Methanomassiliicoccales	d__Archaea;p__Thermoplasmatota;c__Thermoplasmata;o__Methanomassiliicoccales;f__UBA472;g__JACXTP01;s__JACXTP01 sp963789555	methanogenic	0	1	0	1	0	1
GCA_963803145_1	enriched	Methanotrichaceae	d__Archaea;p__Halobacteriota;c__Methanosarcinia;o__Methanotrichales;f__Methanotrichaceae;g__CAWBKV01;s__CAWBKV01 sp963803145	methanogenic	0	1	0	1	0	1
GCA_963804035_1	enriched	MOB_Methylomonadaceae	d__Bacteria;p__Pseudomonadota;c__Gammaproteobacteria;o__Methylococcales;f__Methylomonadaceae;g__Methyloglobulus;s__Methyloglobulus sp963804035	-	1	0	1	0	1	0
GCA_963829335_1	enriched	Methanomicrobia	d__Archaea;p__Halobacteriota;c__Methanomicrobia;o__Methanomicrobiales;f__Methanospirillaceae;g__Methanoregula;s__Methanoregula sp963829335	-	0	0	0	0	0	0
GCA_964343345_1	backbone	p__UBP7	d__Bacteria;p__UBP7;c__UBA6624;o__UBA6624;f__UBA6624;g__UBA6624;s__UBA6624 sp964343345	-	0	0	0	0	0	0
GCA_964347835_1	backbone	p__CAYFZR01	d__Archaea;p__CAYFZR01;c__CAYFZR01;o__CAYFZR01;f__CAYFZR01;g__CAYFZR01;s__CAYFZR01 sp964347835	-	0	0	0	0	0	0
GCA_964354375_1	backbone	p__JAJVIF01	d__Bacteria;p__JAJVIF01;c__JAJVIF01;o__JAPKYR01;f__JAPKYR01;g__CAYGZQ01;s__CAYGZQ01 sp964354375	-	0	0	0	0	0	0
GCA_964371695_1	backbone	p__CAYJOG01	d__Bacteria;p__CAYJOG01;c__CAYJOG01;o__CAYJOG01;f__CAYJOG01;g__CAYJOG01;s__CAYJOG01 sp964371695	-	0	0	0	0	0	0
GCA_964372275_1	backbone	p__CAYJRR01	d__Bacteria;p__CAYJRR01;c__CAYJRR01;o__CAYJRR01;f__CAYJRR01;g__CAYJRR01;s__CAYJRR01 sp964372275	-	0	0	0	0	0	0
GCA_964387285_1	backbone	p__Zhuqueibacterota	d__Bacteria;p__Zhuqueibacterota;c__Zhuqueibacteria;o__Residuimicrobiales;f__Residuimicrobiaceae;g__Anaerohabitans;s__Anaerohabitans sp964387285	-	0	0	0	0	0	0
GCA_964389675_1	backbone	p__CAYMEV01	d__Bacteria;p__CAYMEV01;c__CAYMEV01;o__CAYMEV01;f__CAYMEV01;g__CAYMEV01;s__CAYMEV01 sp964389675	-	0	0	0	0	0	0
GCA_964392195_1	backbone	p__JADJOY01	d__Bacteria;p__JADJOY01;c__JADJOY01;o__JADJOY01;f__JADJOY01;g__JADJOY01;s__JADJOY01 sp964392195	-	0	0	0	0	0	0
GCA_964393905_1	backbone	p__Bdellovibrionota_C	d__Bacteria;p__Bdellovibrionota_C;c__UBA2361;o__SZUA-149;f__CAYMWO01;g__CAYMWO01;s__CAYMWO01 sp964393905	-	0	0	0	0	0	0
GCA_964397735_1	backbone	p__UBP7	d__Bacteria;p__UBP7;c__UBA6624;o__UBA6624;f__UBA6624;g__UBA6624;s__UBA6624 sp964397735	-	0	0	0	0	0	0
GCA_964398245_1	backbone	p__UBP6	d__Bacteria;p__UBP6;c__UBA1177;o__UBA1177;f__JAKLFG01;g__CALITV01;s__CALITV01 sp964398245	methanogenic	0	1	0	1	0	1
GCA_964399265_1	backbone	p__Joyebacterota	d__Bacteria;p__Joyebacterota;c__Joyebacteria;o__Joyebacterales;f__Joyebacteraceae;g__WJLY01;s__WJLY01 sp964399265	-	0	0	0	0	0	0
GCA_964401205_1	backbone	p__Undinarchaeota	d__Archaea;p__Undinarchaeota;c__Undinarchaeia;o__Undinarchaeales;f__Naiadarchaeaceae;g__CAYNXO01;s__CAYNXO01 sp964401205	-	0	0	0	0	0	0
GCA_964404325_1	backbone	p__Bdellovibrionota_B	d__Bacteria;p__Bdellovibrionota_B;c__Oligoflexia;o__Oligoflexales;f__Oligoflexaceae;g__CAYOJQ01;s__CAYOJQ01 sp964404325	-	0	0	0	0	0	0
GCA_964404765_1	backbone	p__4572-55	d__Bacteria;p__4572-55;c__4572-55;o__4572-55;f__4572-55;g__CAYOLL01;s__CAYOLL01 sp964404765	-	0	0	0	0	0	0
GCA_964409285_1	enriched	Methanobacteria	d__Archaea;p__Methanobacteriota;c__Methanobacteria;o__Methanobacteriales;f__Methanobacteriaceae;g__Methanocatella;s__Methanocatella sp964409285	methanogenic	0	1	0	1	0	1
GCA_964411245_1	backbone	p__Nitrospinota	d__Bacteria;p__Nitrospinota;c__Nitrospinia;o__Nitrospinales;f__Nitrospinaceae;g__SZUA-226;s__SZUA-226 sp964411245	-	0	0	0	0	0	0
GCA_964414965_1	backbone	p__Babelota	d__Bacteria;p__Babelota;c__Babeliae;o__Babelales;f__UBA12409;g__UBA12409;s__UBA12409 sp964414965	-	0	0	0	0	0	0
GCA_964415445_1	backbone	p__CAYQAE01	d__Archaea;p__CAYQAE01;c__CAYQAE01;o__CAYQAE01;f__CAYQAE01;g__CAYQAE01;s__CAYQAE01 sp964415445	-	0	0	0	0	0	0
GCA_964420375_1	backbone	p__RBG-13-61-14	d__Bacteria;p__RBG-13-61-14;c__RBG-13-61-14;o__RBG-13-61-14;f__DATKZS01;g__CAYQTK01;s__CAYQTK01 sp964420375	-	0	0	0	0	0	0
GCA_964421645_1	backbone	p__Ratteibacteria	d__Bacteria;p__Ratteibacteria;c__UBA8468;o__B48-G9;f__JAFGKM01;g__JAFGKM01;s__JAFGKM01 sp964421645	-	0	0	0	0	0	0
GCA_964422215_1	backbone	p__Aerophobota	d__Bacteria;p__Aerophobota;c__Aerophobia;o__Aerophobales;f__B3-G15;g__CAYRAK01;s__CAYRAK01 sp964422215	-	0	0	0	0	0	0
GCA_964427915_1	backbone	p__Caldisericota	d__Bacteria;p__Caldisericota;c__Caldisericia;o__UBA6126;f__UBA6126;g__JAGLCW01;s__JAGLCW01 sp964427915	-	0	0	0	0	0	0
GCA_964429075_1	backbone	p__CAYSBA01	d__Bacteria;p__CAYSBA01;c__CAYSBA01;o__CAYSBA01;f__CAYSBA01;g__CAYSBA01;s__CAYSBA01 sp964429075	-	0	0	0	0	0	0
GCA_964431655_1	backbone	p__CAYMEV01	d__Bacteria;p__CAYMEV01;c__CAYMEV01;o__CAYMEV01;f__CAYMEV01;g__CAYMEV01;s__CAYMEV01 sp964431655	-	0	0	0	0	0	0
GCA_964447955_1	backbone	p__Blakebacterota	d__Bacteria;p__Blakebacterota;c__Blakebacteria;o__Blakebacterales;f__CAYUVJ01;g__CAYUVJ01;s__CAYUVJ01 sp964447955	-	0	0	0	0	0	0
GCA_964448115_1	backbone	p__CAYUVA01	d__Bacteria;p__CAYUVA01;c__CAYUVA01;o__CAYUVA01;f__CAYUVA01;g__CAYUVA01;s__CAYUVA01 sp964448115	-	0	0	0	0	0	0
GCA_964450125_1	backbone	p__JADJOY01	d__Bacteria;p__JADJOY01;c__JADJOY01;o__JADJOY01;f__JADJOY01;g__JADJOY01;s__JADJOY01 sp964450125	-	0	0	0	0	0	0
GCA_964452105_1	backbone	p__JAUXIQ01	d__Bacteria;p__JAUXIQ01;c__JAUXIQ01;o__JAUXIQ01;f__JAUXIQ01;g__CAYVLI01;s__CAYVLI01 sp964452105	-	0	0	0	0	0	0
GCA_964453435_1	backbone	p__Abyssobacteria	d__Bacteria;p__Abyssobacteria;c__SURF-5;o__SURF-5;f__SURF-5;g__CAYVQZ01;s__CAYVQZ01 sp964453435	-	0	0	0	0	0	0
GCA_964453935_1	backbone	p__AUK180	d__Bacteria;p__AUK180;c__AUK180;o__AUK180;f__AUK180;g__AUK180;s__AUK180 sp964453935	-	0	0	0	0	0	0
GCA_964457585_1	backbone	p__JACRDZ01	d__Bacteria;p__JACRDZ01;c__JACRDZ01;o__JACRDZ01;f__JACRDZ01;g__CAYWFU01;s__CAYWFU01 sp964457585	-	0	0	0	0	0	0
GCA_964460695_1	backbone	p__CAYQAE01	d__Archaea;p__CAYQAE01;c__CAYQAE01;o__CAYVLA01;f__CAYVLA01;g__CAYWSC01;s__CAYWSC01 sp964460695	-	0	0	0	0	0	0
GCA_964463175_1	backbone	p__Methylomirabilota	d__Bacteria;p__Methylomirabilota;c__Methylomirabilia;o__Rokubacteriales;f__DASRDR01;g__DASRDR01;s__DASRDR01 sp964463175	-	0	0	0	0	0	0
GCA_964469765_1	backbone	p__UBA6262	d__Bacteria;p__UBA6262;c__WVXT01;o__CAYYAU01;f__CAYYAU01;g__CAYYAU01;s__CAYYAU01 sp964469765	-	0	0	0	0	0	0
GCA_964470215_1	backbone	p__Planctomycetota	d__Bacteria;p__Planctomycetota;c__PUPC01;o__DSUN01;f__DSUN01;g__CAYYCI01;s__CAYYCI01 sp964470215	-	0	0	0	0	0	0
GCA_964471095_1	backbone	p__UBA10199	d__Bacteria;p__UBA10199;c__UBA10199;o__JACPAL01;f__JACPAL01;g__CAYYFU01;s__CAYYFU01 sp964471095	-	0	0	0	0	0	0
GCA_964474885_1	backbone	p__Hadarchaeota	d__Archaea;p__Hadarchaeota;c__Hadarchaeia;o__Hadarchaeales;f__JAWBSP01;g__JAWBSP01;s__JAWBSP01 sp964474885	-	0	0	0	0	0	0
GCA_964480165_1	backbone	p__Iainarchaeota	d__Archaea;p__Iainarchaeota;c__Iainarchaeia;o__JAADDC01;f__JAADDC01;g__SZUA-1452;s__SZUA-1452 sp964480165	-	0	0	0	0	0	0
GCA_964480475_1	backbone	p__B130-G9	d__Bacteria;p__B130-G9;c__B130-G9;o__B130-G9;f__B130-G9;g__CAYZPW01;s__CAYZPW01 sp964480475	-	0	0	0	0	0	0
GCA_964491175_1	backbone	p__Ratteibacteria	d__Bacteria;p__Ratteibacteria;c__UBA8468;o__MWAK01;f__MWAK01;g__JAHJUB01;s__JAHJUB01 sp964491175	-	0	0	0	0	0	0
GCA_964493915_1	backbone	p__Hydrogenedentota	d__Bacteria;p__Hydrogenedentota;c__Hydrogenedentia;o__Hydrogenedentales;f__SLHB01;g__CAZBQH01;s__CAZBQH01 sp964493915	-	0	0	0	0	0	0
GCA_964506745_1	enriched	Methanotrichaceae	d__Archaea;p__Halobacteriota;c__Methanosarcinia;o__Methanotrichales;f__Methanotrichaceae;g__Methanothrix;s__Methanothrix sp964506745	methanogenic	0	1	0	1	0	1
GCA_964506785_1	backbone	p__CAZDME01	d__Bacteria;p__CAZDME01;c__JAYEMH01;o__JAYEMH01;f__JAYEMH01;g__CAZDME01;s__CAZDME01 sp964506785	-	0	0	0	0	0	0
GCA_964509425_1	backbone	p__Bdellovibrionota_C	d__Bacteria;p__Bdellovibrionota_C;c__UBA2361;o__SZUA-149;f__CAZDWZ01;g__CAZDWZ01;s__CAZDWZ01 sp964509425	-	0	0	0	0	0	0
GCA_964510695_1	backbone	p__T1Sed10-126	d__Bacteria;p__T1Sed10-126;c__T1Sed10-126;o__T1Sed10-126;f__CAZEBV01;g__CAZEBV01;s__CAZEBV01 sp964510695	-	0	0	0	0	0	0
GCA_964513605_1	backbone	p__Bacillota	d__Bacteria;p__Bacillota;c__Clostridia;o__Oscillospirales;f__Oscillospiraceae;g__Faecousia;s__Faecousia sp964513605	-	0	0	0	0	0	0
GCA_964513745_1	backbone	p__JAUVQV01	d__Bacteria;p__JAUVQV01;c__JAUVQV01;o__JAUVQV01;f__DATDCY01;g__DATDCY01;s__DATDCY01 sp964513745	-	0	0	0	0	0	0
GCA_964519305_1	backbone	p__SpSt-1190	d__Archaea;p__SpSt-1190;c__SpSt-1190;o__JASMDC01;f__JASMDC01;g__JASMDC01;s__JASMDC01 sp964519305	-	0	0	0	0	0	0
GCA_964520315_1	backbone	p__GCA-2686955	d__Bacteria;p__GCA-2686955;c__GCA-2686955;o__GCA-2686955;f__GCA-2686955;g__GCA-2686955;s__GCA-2686955 sp964520315	-	0	0	0	0	0	0
GCA_964521515_1	enriched	Methanofastidiosales	d__Archaea;p__Methanobacteriota_B;c__Thermococci;o__Methanofastidiosales;f__Methanofastidiosaceae;g__Methanofastidiosum;s__Methanofastidiosum sp964521515	-	0	0	0	0	0	0
GCA_964524645_1	backbone	p__Krumholzibacteriota	d__Bacteria;p__Krumholzibacteriota;c__Krumholzibacteriia;o__LZORAL124-64-63;f__LZORAL124-64-63;g__CAZGEC01;s__CAZGEC01 sp964524645	-	0	0	0	0	0	0
GCA_964534765_1	backbone	p__Lindowbacteria	d__Bacteria;p__Lindowbacteria;c__2-12-FULL-62-27;o__2-12-FULL-62-27;f__2-12-FULL-62-27;g__CAZHRJ01;s__CAZHRJ01 sp964534765	-	0	0	0	0	0	0
GCA_964547905_1	backbone	p__JAMCPX01	d__Bacteria;p__JAMCPX01;c__JAMCPX01;o__JAMCPX01;f__JAMCPX01;g__JAJYLM01;s__JAJYLM01 sp964547905	-	0	0	0	0	0	0
GCA_964548165_1	backbone	p__UBA8481	d__Bacteria;p__UBA8481;c__UBA8481;o__UBA8481;f__UBA8481;g__CAZJQD01;s__CAZJQD01 sp964548165	-	0	0	0	0	0	0
GCA_964551875_1	enriched	Methanomicrobia	d__Archaea;p__Halobacteriota;c__Methanomicrobia;o__Methanomicrobiales;f__JACTUA01;g__JACTUA01;s__JACTUA01 sp964551875	methanogenic	0	1	0	1	0	1
GCA_964565925_1	backbone	p__JAGRBM01	d__Bacteria;p__JAGRBM01;c__JAGRBM01;o__JAGRBM01;f__JAHCIT01;g__CAZMGV01;s__CAZMGV01 sp964565925	-	0	0	0	0	0	0
GCA_964565945_1	backbone	p__GCA-001730085	d__Bacteria;p__GCA-001730085;c__GCA-001730085;o__GCA-001730085;f__GCA-001730085;g__CAZMGY01;s__CAZMGY01 sp964565945	-	0	0	0	0	0	0
GCA_964566495_1	backbone	p__T1Sed10-126	d__Bacteria;p__T1Sed10-126;c__T1Sed10-126;o__T1Sed10-126;f__T1Sed10-126;g__T1Sed10-126;s__T1Sed10-126 sp964566495	-	0	0	0	0	0	0
GCA_964567215_1	backbone	p__Atribacterota	d__Bacteria;p__Atribacterota;c__Phoenicimicrobiia;o__Phoenicimicrobiales;f__Phoenicimicrobiaceae;g__JAYEGH01;s__JAYEGH01 sp964567215	-	0	0	0	0	0	0
GCA_964576015_1	enriched	Methanomethylicaceae	d__Archaea;p__Thermoproteota;c__Methanomethylicia;o__Methanomethylicales;f__Methanomethylicaceae;g__VGLU01;s__VGLU01 sp964576015	-	0	0	0	0	0	0
GCA_964576115_1	backbone	p__Blakebacterota	d__Bacteria;p__Blakebacterota;c__Blakebacteria;o__Blakebacterales;f__Blakebacteraceae;g__CAYSYY01;s__CAYSYY01 sp964576115	-	0	0	0	0	0	0
GCA_964582955_1	backbone	p__Fidelibacterota	d__Bacteria;p__Fidelibacterota;c__Marinisomatia;o__Marinisomatales;f__AB-629-J13;g__AB-629-J13;s__AB-629-J13 sp964582955	-	0	0	0	0	0	0
GCA_964586775_1	backbone	p__Lernaellota	d__Bacteria;p__Lernaellota;c__Lernaellaia;o__JACKCT01;f__JACKCT01;g__JADLEX01;s__JADLEX01 sp964586775	-	0	0	0	0	0	0
GCA_964593115_1	backbone	p__Thermosulfidibacterota	d__Bacteria;p__Thermosulfidibacterota;c__Thermosulfidibacteria;o__Thermosulfidibacterales;f__JALWSI01;g__JALWSI01;s__JALWSI01 sp964593115	-	0	0	0	0	0	0
GCA_964593895_1	backbone	p__DYJV01	d__Bacteria;p__DYJV01;c__DYJV01;o__DYJV01;f__JALVYZ01;g__CAZQKL01;s__CAZQKL01 sp964593895	-	0	0	0	0	0	0
GCA_964597845_1	backbone	p__Hydrothermota	d__Bacteria;p__Hydrothermota;c__Tepidihabitantia;o__Tepidihabitantales;f__Tepidihabitantaceae;g__UBA2258;s__UBA2258 sp964597845	-	0	0	0	0	0	0
GCA_964600515_1	backbone	p__Bdellovibrionota_F	d__Bacteria;p__Bdellovibrionota_F;c__JAHFAK01;o__JAHFAK01;f__JAHFAK01;g__JAHFAK01;s__JAHFAK01 sp964600515	-	0	0	0	0	0	0
GCA_964600955_1	backbone	p__Muiribacteriota	d__Bacteria;p__Muiribacteriota;c__UBA6191;o__UBA6191;f__UBA6191;g__CAZRLV01;s__CAZRLV01 sp964600955	-	0	0	0	0	0	0
GCA_964609495_1	backbone	p__CAZSTA01	d__Bacteria;p__CAZSTA01;c__CAZSTA01;o__CAZSTA01;f__CAZSTA01;g__CAZSTA01;s__CAZSTA01 sp964609495	-	0	0	0	0	0	0
GCA_964610505_1	backbone	p__Arandabacterota	d__Bacteria;p__Arandabacterota;c__Arandabacteria;o__JAGLYR01;f__JAGLYR01;g__CAZSXU01;s__CAZSXU01 sp964610505	-	0	0	0	0	0	0
GCA_964617105_1	backbone	p__CAZTWC01	d__Bacteria;p__CAZTWC01;c__CAZTWC01;o__CAZTWC01;f__CAZTWC01;g__CAZTWC01;s__CAZTWC01 sp964617105	-	0	0	0	0	0	0
GCA_964622465_1	backbone	p__CG03	d__Bacteria;p__CG03;c__CAZUQH01;o__CAZUQH01;f__CAZUQH01;g__CAZUQH01;s__CAZUQH01 sp964622465	-	0	0	0	0	0	0
GCA_964622605_1	backbone	p__Omnitrophota	d__Bacteria;p__Omnitrophota;c__Gorgyraeia;o__Velamenicoccales;f__Velamenicoccaceae;g__CAZCSY01;s__CAZCSY01 sp964622605	-	0	0	0	0	0	0
GCA_964622875_1	backbone	p__NPL-UPA2	d__Bacteria;p__NPL-UPA2;c__NPL-UPA2;o__NPL-UPA2;f__JAADIA01;g__CAZGXS01;s__CAZGXS01 sp964622875	-	0	0	0	0	0	0
GCA_964625285_1	backbone	p__NPL-UPA2	d__Bacteria;p__NPL-UPA2;c__NPL-UPA2;o__NPL-UPA2;f__NPL-UPA2;g__NPL-UPA2;s__NPL-UPA2 sp964625285	-	0	0	0	0	0	0
GCA_964626665_1	backbone	p__SM23-81	d__Bacteria;p__SM23-81;c__DAOVCL01;o__DAOVCL01;f__DAOVCL01;g__DAOVCL01;s__DAOVCL01 sp964626665	-	0	0	0	0	0	0
GCA_964632485_1	backbone	p__JAGOEH01	d__Bacteria;p__JAGOEH01;c__JAGOEH01;o__JAGOEH01;f__JAGOEH01;g__CAZWDO01;s__CAZWDO01 sp964632485	-	0	0	0	0	0	0
GCA_964637655_1	backbone	p__DAOPZR01	d__Bacteria;p__DAOPZR01;c__DAOPZR01;o__DAOPZR01;f__DAOPZR01;g__CAZWUZ01;s__CAZWUZ01 sp964637655	-	0	0	0	0	0	0
GCA_964637705_1	backbone	p__UBA8481	d__Bacteria;p__UBA8481;c__UBA8481;o__UBA8481;f__UBA8481;g__CAZWVM01;s__CAZWVM01 sp964637705	-	0	0	0	0	0	0
GCA_964643155_1	backbone	p__4484-113	d__Bacteria;p__4484-113;c__4484-113;o__4484-113;f__4484-113;g__CAZKNJ01;s__CAZKNJ01 sp964643155	-	0	0	0	0	0	0
GCA_964644695_1	backbone	p__UBP4	d__Bacteria;p__UBP4;c__UBA4092;o__UBA4092;f__UBA4092;g__CAZXWN01;s__CAZXWN01 sp964644695	-	0	0	0	0	0	0
GCA_964652335_1	backbone	p__B1Sed10-29	d__Archaea;p__B1Sed10-29;c__B1Sed10-29;o__WALL01;f__WAMD01;g__WAMD01;s__WAMD01 sp964652335	-	0	0	0	0	0	0
GCA_964654595_1	backbone	p__Halobacteriota	d__Archaea;p__Halobacteriota;c__Archaeoglobi;o__Archaeoglobales;f__Archaeoglobaceae;g__Archaeoglobus;s__Archaeoglobus sp964654595	-	0	0	0	0	0	0
GCA_965213625_1	backbone	p__UBA8248	d__Bacteria;p__UBA8248;c__UBA8248;o__UBA8248;f__UBA8248;g__Bin107;s__Bin107 sp965213625	-	0	0	0	0	0	0
GCA_965214925_1	backbone	p__Latescibacterota	d__Bacteria;p__Latescibacterota;c__UBA2968;o__UBA2968;f__UBA2968;g__VXRD01;s__VXRD01 sp965214925	-	0	0	0	0	0	0
GCA_965223625_1	enriched	Nitrospira_comammox	d__Bacteria;p__Nitrospirota;c__Nitrospiria;o__Nitrospirales;f__Nitrospiraceae;g__Nitrospira_D;s__Nitrospira_D sp965223625	-	0	0	1	0	0	0
GCA_965240465_1	backbone	p__SAR324	d__Bacteria;p__SAR324;c__SAR324;o__SAR324;f__JACQKK01;g__G965240465;s__G965240465 sp965240465	-	0	0	0	0	0	0
GCA_965369365_1	enriched	ANME-2c	d__Archaea;p__Halobacteriota;c__Methanosarcinia;o__Methanosarcinales;f__Methanogasteraceae;g__Methanogaster_D;s__Methanogaster_D sp965369365	-	0	0	0	0	0	0
GCA_965369835_1	backbone	p__Auribacterota	d__Bacteria;p__Auribacterota;c__JABMQX01;o__JAFGEW01;f__JAFGEW01;g__CBDUSE01;s__CBDUSE01 sp965369835	-	0	0	0	0	0	0
GCA_965370445_1	enriched	ANME-2ab	d__Archaea;p__Halobacteriota;c__Methanosarcinia;o__Methanosarcinales;f__Methanocomedenaceae;g__Methanocomedens_A;s__Methanocomedens_A sp965370445	reverse	0	1	0	1	0	1
GCA_965370845_1	backbone	p__SM23-81	d__Bacteria;p__SM23-81;c__SM23-81;o__SM23-81;f__SM23-81;g__DAOVRJ01;s__DAOVRJ01 sp965370845	-	0	0	0	0	0	0
GCA_965371155_1	backbone	p__JAJVIF01	d__Bacteria;p__JAJVIF01;c__JAJVIF01;o__JAPKYR01;f__JAPKYR01;g__CBDUXL01;s__CBDUXL01 sp965371155	-	0	0	0	0	0	0
GCA_965372795_1	backbone	p__Zixibacteria	d__Bacteria;p__Zixibacteria;c__MSB-5A5;o__GN15;f__FEB-12;g__QNAD01;s__QNAD01 sp965372795	-	0	0	0	0	0	0
GCA_965603295_1	backbone	p__BMS3Abin14	d__Bacteria;p__BMS3Abin14;c__BMS3Abin14;o__BMS3Abin14;f__BMS3Abin14;g__JAFGWO01;s__JAFGWO01 sp965603295	-	0	0	0	0	0	0
GCA_965613365_1	backbone	p__Hydrothermarchaeota	d__Archaea;p__Hydrothermarchaeota;c__Hydrothermarchaeia;o__Hydrothermarchaeales;f__CAZSVW01;g__CBFDVL01;s__CBFDVL01 sp965613365	-	0	0	0	0	0	0
GCF_000007185_1	backbone	p__JAADCQ01	d__Archaea;p__JAADCQ01;c__Methanopyri;o__Methanopyrales;f__Methanopyraceae;g__Methanopyrus;s__Methanopyrus kandleri	methanogenic	0	1	0	1	0	1
GCF_000011005_1	enriched	Methanocellia	d__Archaea;p__Halobacteriota;c__Methanocellia;o__Methanocellales;f__Methanocellaceae;g__Methanocella;s__Methanocella paludicola	methanogenic	0	1	0	1	0	1
GCF_000012805_1	enriched	AOB_gamma	d__Bacteria;p__Pseudomonadota;c__Gammaproteobacteria;o__Nitrosococcales;f__Nitrosococcaceae;g__Nitrosococcus;s__Nitrosococcus oceani	-	0	0	1	0	1	0
GCF_000015825_1	enriched	Methanomicrobia	d__Archaea;p__Halobacteriota;c__Methanomicrobia;o__Methanomicrobiales;f__Methanoculleaceae;g__Methanoculleus;s__Methanoculleus marisnigri	methanogenic	0	1	0	1	0	1
GCF_000018605_1	backbone	p__Thermotogota	d__Bacteria;p__Thermotogota;c__Thermotogae;o__Petrotogales;f__Petrotogaceae;g__Petrotoga;s__Petrotoga mobilis	-	0	0	0	0	0	0
GCF_000019665_1	enriched	MOB_Verrucomicrobia	d__Bacteria;p__Verrucomicrobiota;c__Verrucomicrobiia;o__Methylacidiphilales;f__Methylacidiphilaceae;g__Methylacidiphilum;s__Methylacidiphilum infernorum	-	1	0	1	0	1	0
GCF_000020945_1	backbone	p__Coprothermobacterota	d__Bacteria;p__Coprothermobacterota;c__Coprothermobacteria;o__Coprothermobacterales;f__Coprothermobacteraceae;g__Coprothermobacter;s__Coprothermobacter proteolyticus	-	0	0	0	0	0	0
GCF_000024625_1	backbone	p__AGJL01	d__Archaea;p__AGJL01;c__Methanococci;o__Methanococcales;f__Methanocaldococcaceae;g__Methanocaldococcus;s__Methanocaldococcus vulcanius	methanogenic	0	1	0	1	0	1
GCF_000143085_1	enriched	AOB_gamma	d__Bacteria;p__Pseudomonadota;c__Gammaproteobacteria;o__Nitrosococcales;f__Nitrosococcaceae;g__Nitrosococcus;s__Nitrosococcus watsonii	-	0	0	1	0	1	0
GCF_000153625_3	backbone	p__Fusobacteriota	d__Bacteria;p__Fusobacteriota;c__Fusobacteriia;o__Fusobacteriales;f__Fusobacteriaceae;g__Fusobacterium;s__Fusobacterium polymorphum	-	0	0	0	0	0	0
GCF_000212395_1	backbone	p__Thermodesulfobiota	d__Bacteria;p__Thermodesulfobiota;c__Thermodesulfobiia;o__Thermodesulfobiales;f__Thermodesulfobiaceae;g__Thermodesulfobium;s__Thermodesulfobium narugense	-	0	0	0	0	0	0
GCF_000242715_1	backbone	p__Actinomycetota	d__Bacteria;p__Actinomycetota;c__Actinomycetes;o__Streptomycetales;f__Streptomycetaceae;g__Streptomyces;s__Streptomyces acidiscabies	-	0	0	0	0	0	0
GCF_000376965_1	enriched	Methanococci	d__Archaea;p__AGJL01;c__Methanococci;o__Methanococcales;f__Methanococcaceae;g__Methanothermococcus;s__Methanothermococcus thermolithotrophicus	methanogenic	0	1	0	1	0	1
GCF_000379125_1	enriched	MOB_alpha	d__Bacteria;p__Pseudomonadota;c__Alphaproteobacteria;o__Rhizobiales;f__Beijerinckiaceae;g__Methylosinus;s__Methylosinus sp000379125	-	1	0	1	0	1	0
GCF_000485555_1	backbone	p__Bacillota_I	d__Bacteria;p__Bacillota_I;c__Bacilli_A;o__Mycoplasmatales;f__Metamycoplasmataceae;g__Metamycoplasma;s__Metamycoplasma salivarium	-	0	0	0	0	0	0
GCF_000737575_1	backbone	p__Cyanobacteriota	d__Bacteria;p__Cyanobacteriota;c__Cyanobacteriia;o__PCC-6307;f__Cyanobiaceae;g__Parasynechococcus;s__Parasynechococcus sp000737575	-	0	0	0	0	0	0
GCF_000739065_1	backbone	p__AGJL01	d__Archaea;p__AGJL01;c__Methanococci;o__Methanococcales;f__Methanocaldococcaceae;g__Methanocaldococcus;s__Methanocaldococcus bathoardescens	methanogenic	0	1	0	1	0	1
GCF_000817245_1	enriched	MOB_Verrucomicrobia	d__Bacteria;p__Verrucomicrobiota;c__Verrucomicrobiia;o__Methylacidiphilales;f__Methylacidiphilaceae;g__Methylacidiphilum;s__Methylacidiphilum kamchatkense	-	1	0	1	0	1	0
GCF_001263175_1	backbone	p__Myxococcota	d__Bacteria;p__Myxococcota;c__Myxococcia;o__Myxococcales;f__Vulgatibacteraceae;g__Vulgatibacter;s__Vulgatibacter incomptus	-	0	0	0	0	0	0
GCF_001458735_1	enriched	Nitrospira_comammox	d__Bacteria;p__Nitrospirota;c__Nitrospiria;o__Nitrospirales;f__Nitrospiraceae;g__Nitrospira_D;s__Nitrospira_D nitrosa	-	0	0	1	0	0	0
GCF_001477655_1	enriched	Methanobacteria	d__Archaea;p__Methanobacteriota;c__Methanobacteria;o__Methanobacteriales;f__Methanobacteriaceae;g__Methanocatella;s__Methanocatella millerae_A	methanogenic	0	1	0	1	0	1
GCF_001902575_1	backbone	p__Fusobacteriota	d__Bacteria;p__Fusobacteriota;c__Fusobacteriia;o__Fusobacteriales;f__Leptotrichiaceae;g__Streptobacillus;s__Streptobacillus notomytis	-	0	0	0	0	0	0
GCF_002201895_1	backbone	p__JAADCQ01	d__Archaea;p__JAADCQ01;c__Methanopyri;o__Methanopyrales;f__Methanopyraceae;g__Methanopyrus;s__Methanopyrus sp002201895	methanogenic	0	1	0	1	0	1
GCF_002356115_1	enriched	AOB_gamma	d__Bacteria;p__Pseudomonadota;c__Gammaproteobacteria;o__Nitrosococcales;f__Nitrosococcaceae;g__Nitrosoglobus;s__Nitrosoglobus terrae	-	0	0	1	0	1	0
GCF_002797325_1	backbone	p__Bacillota	d__Bacteria;p__Bacillota;c__Bacilli;o__Bacillales;f__Bacillaceae_D;g__Alkalihalophilus;s__Alkalihalophilus sp002797325	-	0	0	0	0	0	0
GCF_003336745_1	backbone	p__Deinococcota	d__Bacteria;p__Deinococcota;c__Deinococci;o__Deinococcales;f__Thermaceae;g__Thermus;s__Thermus caldifontis	-	0	0	0	0	0	0
GCF_003664005_1	backbone	p__Aquificota	d__Bacteria;p__Aquificota;c__Aquificia;o__Aquificales;f__Aquificaceae;g__Hydrogenivirga;s__Hydrogenivirga caldilitoris	-	0	0	0	0	0	0
GCF_004421185_1	enriched	MOB_Verrucomicrobia	d__Bacteria;p__Verrucomicrobiota;c__Verrucomicrobiia;o__Methylacidiphilales;f__Methylacidiphilaceae;g__Methylacidiphilum;s__Methylacidiphilum sp004421185	-	1	0	1	0	1	0
GCF_012027645_1	backbone	p__Methanobacteriota_B	d__Archaea;p__Methanobacteriota_B;c__Thermococci;o__Thermococcales;f__Thermococcaceae;g__Thermococcus;s__Thermococcus sp012027645	-	0	0	0	0	0	0
GCF_014647655_1	backbone	p__Deinococcota	d__Bacteria;p__Deinococcota;c__Deinococci;o__Deinococcales;f__Deinococcaceae;g__Deinococcus;s__Deinococcus malanensis	-	0	0	0	0	0	0
GCF_015523155_1	enriched	Methanococci	d__Archaea;p__AGJL01;c__Methanococci;o__Methanococcales;f__Methanococcaceae;g__Methanofervidicoccus;s__Methanofervidicoccus sp015523155	methanogenic	0	1	0	1	0	1
GCF_016706325_1	enriched	Methanotrichaceae	d__Archaea;p__Halobacteriota;c__Methanosarcinia;o__Methanotrichales;f__Methanotrichaceae;g__Methanothrix;s__Methanothrix sp016706325	methanogenic	0	1	0	1	0	1
GCF_017310545_1	enriched	MOB_Verrucomicrobia	d__Bacteria;p__Verrucomicrobiota;c__Verrucomicrobiia;o__Methylacidiphilales;f__Methylacidiphilaceae;g__Methylacidimicrobium;s__Methylacidimicrobium sp017310545	-	1	0	1	0	1	0
GCF_017875395_1	enriched	Methanococci	d__Archaea;p__AGJL01;c__Methanococci;o__Methanococcales;f__Methanococcaceae;g__Methanococcus;s__Methanococcus voltae_C	methanogenic	0	1	0	1	0	1
GCF_020885915_1	enriched	alkane_AcrA	d__Archaea;p__Halobacteriota;c__Methanoliparia;o__Methanoliparales;f__Methanoliparaceae;g__Methanoliparum;s__Methanoliparum thermophilum	methanogenic	0	1	0	1	0	1
GCF_021023085_1	enriched	Methanocellia	d__Archaea;p__Halobacteriota;c__Methanocellia;o__Methanocellales;f__Methanocellaceae;g__Methanooceanicella;s__Methanooceanicella nereidis	methanogenic	0	1	0	1	0	1
GCF_025421555_1	backbone	p__Pseudomonadota	d__Bacteria;p__Pseudomonadota;c__Gammaproteobacteria;o__Burkholderiales;f__Burkholderiaceae_C;g__Comamonas;s__Comamonas bellezanensis	-	0	0	0	0	0	0
GCF_029855125_1	enriched	MOB_alpha	d__Bacteria;p__Pseudomonadota;c__Alphaproteobacteria;o__Rhizobiales;f__Beijerinckiaceae;g__Methylocapsa;s__Methylocapsa sp029855125	-	1	0	1	0	1	0
GCF_035506375_1	enriched	Methanocellia	d__Archaea;p__Halobacteriota;c__Methanocellia;o__Methanocellales;f__Methanocellaceae;g__Methanocella;s__Methanocella sp035506375	methanogenic	0	1	0	1	0	1
GCF_040240395_1	enriched	AOB_beta	d__Bacteria;p__Pseudomonadota;c__Gammaproteobacteria;o__Burkholderiales;f__Nitrosomonadaceae;g__Nitrosomonas;s__Nitrosomonas sp040240425	-	0	0	1	0	0	0
GCF_042408735_1	backbone	p__Chloroflexota	d__Bacteria;p__Chloroflexota;c__Ktedonobacteria;o__Ktedonobacterales;f__Ktedonobacteraceae;g__Thermogemmatispora;s__Thermogemmatispora sp042408735	-	0	0	0	0	0	0
GCF_046546175_1	enriched	Methanosarcinaceae	d__Archaea;p__Halobacteriota;c__Methanosarcinia;o__Methanosarcinales;f__Methanosarcinaceae;g__Methanohalobium;s__Methanohalobium sp046546175	methanogenic	0	1	0	1	0	1
GCF_049221745_1	backbone	p__Campylobacterota	d__Bacteria;p__Campylobacterota;c__Campylobacteria;o__Campylobacterales;f__Campylobacteraceae;g__Campylobacter_D;s__Campylobacter_D jejuni_E	-	0	0	0	0	0	0
GCF_049675845_1	enriched	MOB_alpha	d__Bacteria;p__Pseudomonadota;c__Alphaproteobacteria;o__Rhizobiales;f__Beijerinckiaceae;g__Methylocystis;s__Methylocystis parvus_A	-	1	0	1	0	1	0
GCF_049676595_1	enriched	Methanocellia	d__Archaea;p__Halobacteriota;c__Methanocellia;o__Methanocellales;f__Methanocellaceae;g__Methanocella_A;s__Methanocella_A sp049676595	methanogenic	0	1	0	1	0	1
GCF_900111645_1	enriched	Methanosarcinaceae	d__Archaea;p__Halobacteriota;c__Methanosarcinia;o__Methanosarcinales;f__Methanosarcinaceae;g__Methanococcoides;s__Methanococcoides vulcani	methanogenic	0	1	0	1	0	1
GCF_900155475_1	enriched	MOB_Methylococcaceae	d__Bacteria;p__Pseudomonadota;c__Gammaproteobacteria;o__Methylococcales;f__Methylococcaceae;g__Methylomagnum;s__Methylomagnum ishizawai_A	-	1	0	1	0	1	0
GCF_902810445_1	enriched	AOB_gamma	d__Bacteria;p__Pseudomonadota;c__Gammaproteobacteria;o__Nitrosococcales;f__Nitrosococcaceae;g__Nitrosacidococcus;s__Nitrosacidococcus tergens	-	0	0	1	0	1	0
GCF_945836005_1	enriched	AOB_gamma	d__Bacteria;p__Pseudomonadota;c__Gammaproteobacteria;o__Nitrosococcales;f__Nitrosococcaceae;g__Nitrosacidococcus;s__Nitrosacidococcus sp945836005	-	0	0	1	0	1	0
