trap	genome	stratum	clade	genus	named_genus	training_relation	expected	mcycle	model	family_score	protein_len	cause	agree	gtdb_taxonomy
mcr	GCA_963776515_1	enriched	Methanobacteria	Methanobacterium_B	yes	new genus	methanogenic	methanogenic	K00399	1022	551		1	d__Archaea;p__Methanobacteriota;c__Methanobacteria;o__Methanobacteriales;f__Methanobacteriaceae;g__Methanobacterium_B;s__Methanobacterium_B sp963776515
mcr	GCF_001477655_1	enriched	Methanobacteria	Methanocatella	yes	new genus	methanogenic	methanogenic	K00399	1024	552		1	d__Archaea;p__Methanobacteriota;c__Methanobacteria;o__Methanobacteriales;f__Methanobacteriaceae;g__Methanocatella;s__Methanocatella millerae_A
mcr	GCA_964409285_1	enriched	Methanobacteria	Methanocatella	yes	new genus	methanogenic	methanogenic	K00399	1026	552		1	d__Archaea;p__Methanobacteriota;c__Methanobacteria;o__Methanobacteriales;f__Methanobacteriaceae;g__Methanocatella;s__Methanocatella sp964409285
mcr	GCF_017875395_1	enriched	Methanococci	Methanococcus	yes	new genus	methanogenic	methanogenic	K00399	1026	555		1	d__Archaea;p__AGJL01;c__Methanococci;o__Methanococcales;f__Methanococcaceae;g__Methanococcus;s__Methanococcus voltae_C
mcr	GCA_019561615_1	enriched	Methanococci	Methanofervidicoccus	yes	new genus	methanogenic	methanogenic	K00399	1032	553		1	d__Archaea;p__AGJL01;c__Methanococci;o__Methanococcales;f__Methanococcaceae;g__Methanofervidicoccus;s__Methanofervidicoccus sp019561615
mcr	GCA_015662225_1	enriched	Methanococci	Methanofervidicoccus	yes	new genus	methanogenic	no_call		764	411	subunit A truncated (gene fragment)	0	d__Archaea;p__AGJL01;c__Methanococci;o__Methanococcales;f__Methanococcaceae;g__Methanofervidicoccus;s__Methanofervidicoccus okinawensis_A
mcr	GCF_015523155_1	enriched	Methanococci	Methanofervidicoccus	yes	new genus	methanogenic	methanogenic	K00399	1040	553		1	d__Archaea;p__AGJL01;c__Methanococci;o__Methanococcales;f__Methanococcaceae;g__Methanofervidicoccus;s__Methanofervidicoccus sp015523155
mcr	GCF_000376965_1	enriched	Methanococci	Methanothermococcus	yes	new genus	methanogenic	methanogenic	K00399	1036	553		1	d__Archaea;p__AGJL01;c__Methanococci;o__Methanococcales;f__Methanococcaceae;g__Methanothermococcus;s__Methanothermococcus thermolithotrophicus
mcr	GCF_000015825_1	enriched	Methanomicrobia	Methanoculleus	yes	new genus	methanogenic	methanogenic	K00399	1024	569		1	d__Archaea;p__Halobacteriota;c__Methanomicrobia;o__Methanomicrobiales;f__Methanoculleaceae;g__Methanoculleus;s__Methanoculleus marisnigri
mcr	GCA_003251955_1	enriched	Methanomicrobia	Methanospirillum	yes	new genus	methanogenic	methanogenic	K00399	1010	569		1	d__Archaea;p__Halobacteriota;c__Methanomicrobia;o__Methanomicrobiales;f__Methanospirillaceae;g__Methanospirillum;s__Methanospirillum hungatei_A
mcr	GCA_964551875_1	enriched	Methanomicrobia	JACTUA01	no	new genus	methanogenic	methanogenic	K00399	982	564		1	d__Archaea;p__Halobacteriota;c__Methanomicrobia;o__Methanomicrobiales;f__JACTUA01;g__JACTUA01;s__JACTUA01 sp964551875
mcr	GCF_049676595_1	enriched	Methanocellia	Methanocella_A	yes	new genus	methanogenic	methanogenic	K00399	1021	557		1	d__Archaea;p__Halobacteriota;c__Methanocellia;o__Methanocellales;f__Methanocellaceae;g__Methanocella_A;s__Methanocella_A sp049676595
mcr	GCF_035506375_1	enriched	Methanocellia	Methanocella	yes	new genus	methanogenic	methanogenic	K00399	1008	545		1	d__Archaea;p__Halobacteriota;c__Methanocellia;o__Methanocellales;f__Methanocellaceae;g__Methanocella;s__Methanocella sp035506375
mcr	GCF_021023085_1	enriched	Methanocellia	Methanooceanicella	yes	new genus	methanogenic	methanogenic	K00399	1016	558		1	d__Archaea;p__Halobacteriota;c__Methanocellia;o__Methanocellales;f__Methanocellaceae;g__Methanooceanicella;s__Methanooceanicella nereidis
mcr	GCA_049588055_1	enriched	Methanocellia	Methanocella_A	yes	new genus	methanogenic	methanogenic	K00399	1019	557		1	d__Archaea;p__Halobacteriota;c__Methanocellia;o__Methanocellales;f__Methanocellaceae;g__Methanocella_A;s__Methanocella_A sp963769045
mcr	GCF_000011005_1	enriched	Methanocellia	Methanocella	yes	new genus	methanogenic	methanogenic	K00399	1004	545		1	d__Archaea;p__Halobacteriota;c__Methanocellia;o__Methanocellales;f__Methanocellaceae;g__Methanocella;s__Methanocella paludicola
mcr	GCA_036504475_1	enriched	Methanosarcinaceae	Methanosarcina	yes	new genus	methanogenic	methanogenic	K00399	1000	571		1	d__Archaea;p__Halobacteriota;c__Methanosarcinia;o__Methanosarcinales;f__Methanosarcinaceae;g__Methanosarcina;s__Methanosarcina sp036504475
mcr	GCF_046546175_1	enriched	Methanosarcinaceae	Methanohalobium	yes	new genus	methanogenic	methanogenic	K00399	990	574		1	d__Archaea;p__Halobacteriota;c__Methanosarcinia;o__Methanosarcinales;f__Methanosarcinaceae;g__Methanohalobium;s__Methanohalobium sp046546175
mcr	GCF_900111645_1	enriched	Methanosarcinaceae	Methanococcoides	yes	new genus	methanogenic	methanogenic	K00399	1003	573		1	d__Archaea;p__Halobacteriota;c__Methanosarcinia;o__Methanosarcinales;f__Methanosarcinaceae;g__Methanococcoides;s__Methanococcoides vulcani
mcr	GCA_001714685_2	enriched	Methanosarcinaceae	Methanosarcina	yes	new genus	methanogenic	methanogenic	K00399	1000	572		1	d__Archaea;p__Halobacteriota;c__Methanosarcinia;o__Methanosarcinales;f__Methanosarcinaceae;g__Methanosarcina;s__Methanosarcina sp001714685
mcr	GCA_012518265_1	enriched	Methanosarcinaceae	Methanofrustulum	yes	new genus	methanogenic	methanogenic	K00399	980	572		1	d__Archaea;p__Halobacteriota;c__Methanosarcinia;o__Methanosarcinales;f__Methanosarcinaceae;g__Methanofrustulum;s__Methanofrustulum fimipullorum
mcr	GCA_035391185_1	enriched	Methanotrichaceae	Methanocrinis	yes	new genus	methanogenic	no_call		590	336	subunit A truncated (gene fragment)	0	d__Archaea;p__Halobacteriota;c__Methanosarcinia;o__Methanotrichales;f__Methanotrichaceae;g__Methanocrinis;s__Methanocrinis sp040770465
mcr	GCF_016706325_1	enriched	Methanotrichaceae	Methanothrix	yes	new genus	methanogenic	methanogenic	K00399	972	560		1	d__Archaea;p__Halobacteriota;c__Methanosarcinia;o__Methanotrichales;f__Methanotrichaceae;g__Methanothrix;s__Methanothrix sp016706325
mcr	GCA_964506745_1	enriched	Methanotrichaceae	Methanothrix	yes	new genus	methanogenic	methanogenic	K00399	964	560		1	d__Archaea;p__Halobacteriota;c__Methanosarcinia;o__Methanotrichales;f__Methanotrichaceae;g__Methanothrix;s__Methanothrix sp964506745
mcr	GCA_963803145_1	enriched	Methanotrichaceae	CAWBKV01	no	new genus	methanogenic	methanogenic	K00399	962	571		1	d__Archaea;p__Halobacteriota;c__Methanosarcinia;o__Methanotrichales;f__Methanotrichaceae;g__CAWBKV01;s__CAWBKV01 sp963803145
mcr	GCA_963586845_1	enriched	Methanomassiliicoccales	Methanoprimaticola	yes	new genus	methanogenic	methanogenic	K00399	944	553		1	d__Archaea;p__Thermoplasmatota;c__Thermoplasmata;o__Methanomassiliicoccales;f__Methanomethylophilaceae;g__Methanoprimaticola;s__Methanoprimaticola sp963586845
mcr	GCA_963594315_1	enriched	Methanomassiliicoccales	Methanarcanum	yes	new genus	methanogenic	methanogenic	K00399	947	553		1	d__Archaea;p__Thermoplasmatota;c__Thermoplasmata;o__Methanomassiliicoccales;f__Methanomethylophilaceae;g__Methanarcanum;s__Methanarcanum sp963651945
mcr	GCA_009780795_1	enriched	Methanomassiliicoccales	Methanomicula	yes	new genus	methanogenic	no_call		539	335	subunit A truncated (gene fragment)	0	d__Archaea;p__Thermoplasmatota;c__Thermoplasmata;o__Methanomassiliicoccales;f__Methanomethylophilaceae;g__Methanomicula;s__Methanomicula sp009780795
mcr	GCA_023402275_1	enriched	Methanomassiliicoccales	Methanoplasma	yes	new genus	methanogenic	methanogenic	K00399	946	555		1	d__Archaea;p__Thermoplasmatota;c__Thermoplasmata;o__Methanomassiliicoccales;f__Methanomethylophilaceae;g__Methanoplasma;s__Methanoplasma sp023402275
mcr	GCA_963789555_1	enriched	Methanomassiliicoccales	JACXTP01	no	new genus	methanogenic	methanogenic	K00399	999	556		1	d__Archaea;p__Thermoplasmatota;c__Thermoplasmata;o__Methanomassiliicoccales;f__UBA472;g__JACXTP01;s__JACXTP01 sp963789555
mcr	GCA_039679445_1	enriched	Methanofastidiosales	Methanofastidiosum	yes	new genus	methanogenic	methanogenic	K00399	957	554		1	d__Archaea;p__Methanobacteriota_B;c__Thermococci;o__Methanofastidiosales;f__Methanofastidiosaceae;g__Methanofastidiosum;s__Methanofastidiosum sp039679445
mcr	GCA_035404685_1	enriched	Methanofastidiosales	JAFGGT01	no	new genus	methanogenic	methanogenic	K00399	959	551		1	d__Archaea;p__Methanobacteriota_B;c__Thermococci;o__Methanofastidiosales;f__NM3;g__JAFGGT01;s__JAFGGT01 sp036733165
mcr	GCA_012799835_1	enriched	Methanofastidiosales	Methanofastidiosum	yes	new genus	methanogenic	no_call		430	243	subunit A truncated (gene fragment)	0	d__Archaea;p__Methanobacteriota_B;c__Thermococci;o__Methanofastidiosales;f__Methanofastidiosaceae;g__Methanofastidiosum;s__Methanofastidiosum sp012799835
mcr	GCA_964521515_1	enriched	Methanofastidiosales	Methanofastidiosum	yes	new genus	methanogenic	no_call		0	0	family subunit A absent from the assembly	0	d__Archaea;p__Methanobacteriota_B;c__Thermococci;o__Methanofastidiosales;f__Methanofastidiosaceae;g__Methanofastidiosum;s__Methanofastidiosum sp964521515
mcr	GCA_004028775_1	enriched	Methanomethylicaceae	Methanosuratincola	yes	new genus	methanogenic	methanogenic	K00399	1000	557		1	d__Archaea;p__Thermoproteota;c__Methanomethylicia;o__Methanomethylicales;f__Methanomethylicaceae;g__Methanosuratincola;s__Methanosuratincola verstraetei
mcr	GCA_024464205_1	enriched	Methanomethylicaceae	Methanomethylicus	yes	new genus	methanogenic	no_call		578	564	full-length McrA homologue under the KO threshold	0	d__Archaea;p__Thermoproteota;c__Methanomethylicia;o__Methanomethylicales;f__Methanomethylicaceae;g__Methanomethylicus;s__Methanomethylicus sp024464205
mcr	GCA_029887795_1	enriched	Methanomethylicaceae	WYZ-LMO10	no	new genus	methanogenic	methanogenic	K00399	999	557		1	d__Archaea;p__Thermoproteota;c__Methanomethylicia;o__Methanomethylicales;f__Methanomethylicaceae;g__WYZ-LMO10;s__WYZ-LMO10 sp029887795
mcr	GCA_001717005_1	enriched	Methanomethylicaceae	Methanomethylicus	yes	new genus	methanogenic	methanogenic	K00399	985	557		1	d__Archaea;p__Thermoproteota;c__Methanomethylicia;o__Methanomethylicales;f__Methanomethylicaceae;g__Methanomethylicus;s__Methanomethylicus mesodigestus
mcr	GCA_034660415_1	enriched	ANME-1	Methanophaga	yes	training genus	reverse	reverse	mcrA_anme__anme1	799	580		1	d__Archaea;p__Halobacteriota;c__Syntropharchaeia;o__Alkanophagales;f__Methanospirareceae;g__Methanophaga;s__Methanophaga sp034660415
mcr	GCA_013374505_1	enriched	ANME-1	QENJ01	no	training genome	reverse	reverse	mcrA_anme__anme1	791	580		1	d__Archaea;p__Halobacteriota;c__Syntropharchaeia;o__Alkanophagales;f__Methanospirareceae;g__QENJ01;s__QENJ01 sp013374505
mcr	GCA_035530415_1	enriched	ANME-2ab	Kmv04	no	training genus	reverse	no_call		0	0	family subunit A absent from the assembly	0	d__Archaea;p__Halobacteriota;c__Methanosarcinia;o__Methanosarcinales;f__Methanocomedenaceae;g__Kmv04;s__Kmv04 sp035530415
mcr	GCA_014859725_1	enriched	ANME-2ab	Kmv04	no	training genome	reverse	reverse	mcrA_anme__anme2ab	909	574		1	d__Archaea;p__Halobacteriota;c__Methanosarcinia;o__Methanosarcinales;f__Methanocomedenaceae;g__Kmv04;s__Kmv04 sp014859725
mcr	GCA_965370445_1	enriched	ANME-2ab	Methanocomedens_A	yes	training genus	reverse	reverse	mcrA_anme__anme2ab	888	576		1	d__Archaea;p__Halobacteriota;c__Methanosarcinia;o__Methanosarcinales;f__Methanocomedenaceae;g__Methanocomedens_A;s__Methanocomedens_A sp965370445
mcr	GCA_009649835_1	enriched	ANME-2ab	Methanocomedens_A	yes	training genome	reverse	reverse	mcrA_anme__anme2ab	895	576		1	d__Archaea;p__Halobacteriota;c__Methanosarcinia;o__Methanosarcinales;f__Methanocomedenaceae;g__Methanocomedens_A;s__Methanocomedens_A sp009649835
mcr	GCA_034658995_1	enriched	ANME-2c	Methanogaster_D	yes	training genus	reverse	no_call		0	0	family subunit A absent from the assembly	0	d__Archaea;p__Halobacteriota;c__Methanosarcinia;o__Methanosarcinales;f__Methanogasteraceae;g__Methanogaster_D;s__Methanogaster_D sp034658995
mcr	GCA_013572355_1	enriched	ANME-2c	Methanogaster_A	yes	training genome	reverse	reverse	mcrA_anme__anme2c	939	562		1	d__Archaea;p__Halobacteriota;c__Methanosarcinia;o__Methanosarcinales;f__Methanogasteraceae;g__Methanogaster_A;s__Methanogaster_A sp013572355
mcr	GCA_030640725_1	enriched	ANME-2c	Methanogaster_D	yes	training genus	reverse	no_call		0	0	family subunit A absent from the assembly	0	d__Archaea;p__Halobacteriota;c__Methanosarcinia;o__Methanosarcinales;f__Methanogasteraceae;g__Methanogaster_D;s__Methanogaster_D sp030640725
mcr	GCA_043729865_1	enriched	ANME-2d	Methanoperedens	yes	training genus	reverse	reverse	mcrA_anme__anme2d	911	568		1	d__Archaea;p__Halobacteriota;c__Methanosarcinia;o__Methanosarcinales;f__Methanoperedenaceae;g__Methanoperedens;s__Methanoperedens sp043729865
mcr	GCA_026552975_1	enriched	ANME-2d	Methanoperedens	yes	training genus	reverse	reverse	mcrA_anme__anme2d	907	566		1	d__Archaea;p__Halobacteriota;c__Methanosarcinia;o__Methanosarcinales;f__Methanoperedenaceae;g__Methanoperedens;s__Methanoperedens sp026552975
mcr	GCA_902386135_1	enriched	ANME-2d	Methanoperedens	yes	training genus	reverse	reverse	mcrA_anme__anme2d	910	568		1	d__Archaea;p__Halobacteriota;c__Methanosarcinia;o__Methanosarcinales;f__Methanoperedenaceae;g__Methanoperedens;s__Methanoperedens sp902386135
mcr	GCA_002839545_1	enriched	ANME-2d	Methanoperedens_A	yes	training genome	reverse	reverse	mcrA_anme__anme2d	899	567		1	d__Archaea;p__Halobacteriota;c__Methanosarcinia;o__Methanosarcinales;f__Methanoperedenaceae;g__Methanoperedens_A;s__Methanoperedens_A sp002839545
mcr	GCA_030609665_1	enriched	ANME-3	Methanovorans	yes	training genome	reverse	reverse	mcrA_anme__anme3	992	572		1	d__Archaea;p__Halobacteriota;c__Methanosarcinia;o__Methanosarcinales;f__Methanosarcinaceae;g__Methanovorans;s__Methanovorans sp030609665
mcr	GCA_020793565_1	enriched	ANME-3	Methanovorans	yes	training genome	reverse	reverse	mcrA_anme__anme3	987	572		1	d__Archaea;p__Halobacteriota;c__Methanosarcinia;o__Methanosarcinales;f__Methanosarcinaceae;g__Methanovorans;s__Methanovorans sp020793565
mcr	GCA_019429165_1	enriched	ANME-3	Methanovorans	yes	training genome	reverse	reverse	mcrA_anme__anme3	979	572		1	d__Archaea;p__Halobacteriota;c__Methanosarcinia;o__Methanosarcinales;f__Methanosarcinaceae;g__Methanovorans;s__Methanovorans sp019429165
mcr	GCA_030655675_1	enriched	ANME-3	Methanovorans	yes	training genus	reverse	reverse	mcrA_anme__anme3	977	572		1	d__Archaea;p__Halobacteriota;c__Methanosarcinia;o__Methanosarcinales;f__Methanosarcinaceae;g__Methanovorans;s__Methanovorans sp030655675
mcr	GCA_002254825_2	enriched	alkane_AcrA	EX4572-44	no	new genus	no_call	no_call		636	596		1	d__Archaea;p__Halobacteriota;c__Methanosarcinia;o__Methanosarcinales;f__EX4572-44;g__EX4572-44;s__EX4572-44 sp002254825
mcr	GCA_001766825_1	enriched	alkane_AcrA	Syntropharchaeum	yes	new genus	no_call	no_call		649	555		1	d__Archaea;p__Halobacteriota;c__Syntropharchaeia;o__Syntropharchaeales;f__Syntropharchaeaceae;g__Syntropharchaeum;s__Syntropharchaeum butanivorans
mcr	GCF_020885915_1	enriched	alkane_AcrA	Methanoliparum	yes	new genus	unknown	methanogenic	K00399	998	555			d__Archaea;p__Halobacteriota;c__Methanoliparia;o__Methanoliparales;f__Methanoliparaceae;g__Methanoliparum;s__Methanoliparum thermophilum
mcr	GCA_013329575_1	enriched	alkane_AcrA	Methanoliparum	yes	new genus	unknown	methanogenic	K00399	988	555			d__Archaea;p__Halobacteriota;c__Methanoliparia;o__Methanoliparales;f__Methanoliparaceae;g__Methanoliparum;s__Methanoliparum sp8915u
mcr	GCA_004212095_1	enriched	alkane_AcrA	Argoarchaeum	yes	new genus	no_call	no_call		600	641		1	d__Archaea;p__Halobacteriota;c__Methanosarcinia;o__Methanosarcinales;f__EX4572-44;g__Argoarchaeum;s__Argoarchaeum sp004212095
mcr	GCA_003558335_1	backbone	p__Methanobacteriota_B	Methanofastidiosum	yes	new genus	methanogenic	methanogenic	K00399	964	554		1	d__Archaea;p__Methanobacteriota_B;c__Thermococci;o__Methanofastidiosales;f__Methanofastidiosaceae;g__Methanofastidiosum;s__Methanofastidiosum sp003558335
mcr	GCA_902386255_1	backbone	p__Halobacteriota	Methanoperedens	yes	training genus	reverse	no_call		0	0	family subunit A absent from the assembly	0	d__Archaea;p__Halobacteriota;c__Methanosarcinia;o__Methanosarcinales;f__Methanoperedenaceae;g__Methanoperedens;s__Methanoperedens sp902386255
mcr	GCF_000739065_1	backbone	p__AGJL01	Methanocaldococcus	yes	new genus	methanogenic	methanogenic	K00399	1056	554		1	d__Archaea;p__AGJL01;c__Methanococci;o__Methanococcales;f__Methanocaldococcaceae;g__Methanocaldococcus;s__Methanocaldococcus bathoardescens
mcr	GCA_002067565_1	backbone	p__Methanobacteriota	Methanobacterium_A	yes	new genus	methanogenic	no_call		0	0	family subunit A absent from the assembly	0	d__Archaea;p__Methanobacteriota;c__Methanobacteria;o__Methanobacteriales;f__Methanobacteriaceae;g__Methanobacterium_A;s__Methanobacterium_A sp002067565
mcr	GCF_002201895_1	backbone	p__JAADCQ01	Methanopyrus	yes	new genus	methanogenic	methanogenic	K00399	1030	554		1	d__Archaea;p__JAADCQ01;c__Methanopyri;o__Methanopyrales;f__Methanopyraceae;g__Methanopyrus;s__Methanopyrus sp002201895
mcr	GCF_000024625_1	backbone	p__AGJL01	Methanocaldococcus	yes	new genus	methanogenic	methanogenic	K00399	1054	554		1	d__Archaea;p__AGJL01;c__Methanococci;o__Methanococcales;f__Methanocaldococcaceae;g__Methanocaldococcus;s__Methanocaldococcus vulcanius
mcr	GCA_964398245_1	backbone	p__UBP6	CALITV01	no	new genus	unknown	methanogenic	K00399	832	473			d__Bacteria;p__UBP6;c__UBA1177;o__UBA1177;f__JAKLFG01;g__CALITV01;s__CALITV01 sp964398245
mcr	GCA_015062825_1	backbone	p__Methanobacteriota	Methanosphaera	yes	new genus	methanogenic	methanogenic	K00399	1006	553		1	d__Archaea;p__Methanobacteriota;c__Methanobacteria;o__Methanobacteriales;f__Methanobacteriaceae;g__Methanosphaera;s__Methanosphaera stadtmanae_A
mcr	GCF_000007185_1	backbone	p__JAADCQ01	Methanopyrus	yes	new genus	methanogenic	methanogenic	K00399	1030	572		1	d__Archaea;p__JAADCQ01;c__Methanopyri;o__Methanopyrales;f__Methanopyraceae;g__Methanopyrus;s__Methanopyrus kandleri
mcr	GCA_015660995_1	backbone	p__Thermoproteota	JACTUC01	no	new genus	methanogenic	methanogenic	K00399	958	556		1	d__Archaea;p__Thermoproteota;c__Methanomethylicia;o__Methanomethylicales;f__Methanomethylicaceae;g__JACTUC01;s__JACTUC01 sp015660995
pmo	GCA_001901525_1	enriched	MOB_Methylomonadaceae	OPU3-GD-OMZ	no	training genome	pmoA	pmoA	pmoA__gamma	396	248		1	d__Bacteria;p__Pseudomonadota;c__Gammaproteobacteria;o__Methylococcales;f__Methylomonadaceae;g__OPU3-GD-OMZ;s__OPU3-GD-OMZ sp001901525
pmo	GCA_002256465_1	enriched	MOB_Methylomonadaceae	Methylobacter_C	yes	training genus	pmoA	pmoA	pmoA__gamma	414	248		1	d__Bacteria;p__Pseudomonadota;c__Gammaproteobacteria;o__Methylococcales;f__Methylomonadaceae;g__Methylobacter_C;s__Methylobacter_C sp002256465
pmo	GCA_963804035_1	enriched	MOB_Methylomonadaceae	Methyloglobulus	yes	training genus	pmoA	pmoA	pmoA__gamma	409	248		1	d__Bacteria;p__Pseudomonadota;c__Gammaproteobacteria;o__Methylococcales;f__Methylomonadaceae;g__Methyloglobulus;s__Methyloglobulus sp963804035
pmo	GCA_021647145_1	enriched	MOB_Methylomonadaceae	QPIN01	no	training genus	pmoA	pmoA	pmoA__gamma	414	250		1	d__Bacteria;p__Pseudomonadota;c__Gammaproteobacteria;o__Methylococcales;f__Methylomonadaceae;g__QPIN01;s__QPIN01 sp021647145
pmo	GCA_945903675_1	enriched	MOB_Methylomonadaceae	Methylobacter_C	yes	training genus	pmoA	pmoA	pmoA__gamma	414	248		1	d__Bacteria;p__Pseudomonadota;c__Gammaproteobacteria;o__Methylococcales;f__Methylomonadaceae;g__Methylobacter_C;s__Methylobacter_C sp945903675
pmo	GCA_028688525_1	enriched	MOB_Methylococcaceae	Methylococcus	yes	training genus	pmoA	pmoA	pmoA__gamma	416	248		1	d__Bacteria;p__Pseudomonadota;c__Gammaproteobacteria;o__Methylococcales;f__Methylococcaceae;g__Methylococcus;s__Methylococcus sp028688525
pmo	GCA_903819965_1	enriched	MOB_Methylococcaceae	Methylumidiphilus	yes	training genus	pmoA	not_pmoA	K10944	366	252	full-length Cu-MMO subunit A outside the pmoA clade models	0	d__Bacteria;p__Pseudomonadota;c__Gammaproteobacteria;o__Methylococcales;f__Methylococcaceae;g__Methylumidiphilus;s__Methylumidiphilus sp903934875
pmo	GCF_900155475_1	enriched	MOB_Methylococcaceae	Methylomagnum	yes	training genus	pmoA	pmoA	pmoA__gamma	405	248		1	d__Bacteria;p__Pseudomonadota;c__Gammaproteobacteria;o__Methylococcales;f__Methylococcaceae;g__Methylomagnum;s__Methylomagnum ishizawai_A
pmo	GCF_000379125_1	enriched	MOB_alpha	Methylosinus	yes	training genome	pmoA	pmoA	pmoA__alpha	402	253		1	d__Bacteria;p__Pseudomonadota;c__Alphaproteobacteria;o__Rhizobiales;f__Beijerinckiaceae;g__Methylosinus;s__Methylosinus sp000379125
pmo	GCA_030948025_1	enriched	MOB_alpha	Methylocapsa	yes	training genus	pmoA	not_pmoA	K10944,K28504	374	251	full-length Cu-MMO subunit A outside the pmoA clade models	0	d__Bacteria;p__Pseudomonadota;c__Alphaproteobacteria;o__Rhizobiales;f__Beijerinckiaceae;g__Methylocapsa;s__Methylocapsa sp030948025
pmo	GCA_046349135_1	enriched	MOB_alpha	Methylocystis	yes	training genus	pmoA	pmoA	pmoA__alpha	394	257		1	d__Bacteria;p__Pseudomonadota;c__Alphaproteobacteria;o__Rhizobiales;f__Beijerinckiaceae;g__Methylocystis;s__Methylocystis sp046349135
pmo	GCF_049675845_1	enriched	MOB_alpha	Methylocystis	yes	training genus	pmoA	pmoA	pmoA__alpha	396	253		1	d__Bacteria;p__Pseudomonadota;c__Alphaproteobacteria;o__Rhizobiales;f__Beijerinckiaceae;g__Methylocystis;s__Methylocystis parvus_A
pmo	GCF_029855125_1	enriched	MOB_alpha	Methylocapsa	yes	training genome	pmoA	pmoA	pmoA__alpha	392	290		1	d__Bacteria;p__Pseudomonadota;c__Alphaproteobacteria;o__Rhizobiales;f__Beijerinckiaceae;g__Methylocapsa;s__Methylocapsa sp029855125
pmo	GCA_028710285_1	enriched	MOB_Verrucomicrobia	Methylacidimicrobium	yes	new genus	pmoA	pmoA	pmoA__verruco	393	255		1	d__Bacteria;p__Verrucomicrobiota;c__Verrucomicrobiia;o__Methylacidiphilales;f__Methylacidiphilaceae;g__Methylacidimicrobium;s__Methylacidimicrobium sp028710285
pmo	GCF_000019665_1	enriched	MOB_Verrucomicrobia	Methylacidiphilum	yes	training genome	pmoA	pmoA	pmoA__verruco	399	250		1	d__Bacteria;p__Verrucomicrobiota;c__Verrucomicrobiia;o__Methylacidiphilales;f__Methylacidiphilaceae;g__Methylacidiphilum;s__Methylacidiphilum infernorum
pmo	GCF_004421185_1	enriched	MOB_Verrucomicrobia	Methylacidiphilum	yes	training genome	pmoA	pmoA	pmoA__verruco	396	246		1	d__Bacteria;p__Verrucomicrobiota;c__Verrucomicrobiia;o__Methylacidiphilales;f__Methylacidiphilaceae;g__Methylacidiphilum;s__Methylacidiphilum sp004421185
pmo	GCF_000817245_1	enriched	MOB_Verrucomicrobia	Methylacidiphilum	yes	training genome	pmoA	pmoA	pmoA__verruco	406	267		1	d__Bacteria;p__Verrucomicrobiota;c__Verrucomicrobiia;o__Methylacidiphilales;f__Methylacidiphilaceae;g__Methylacidiphilum;s__Methylacidiphilum kamchatkense
pmo	GCF_017310545_1	enriched	MOB_Verrucomicrobia	Methylacidimicrobium	yes	new genus	pmoA	pmoA	pmoA__verruco	388	255		1	d__Bacteria;p__Verrucomicrobiota;c__Verrucomicrobiia;o__Methylacidiphilales;f__Methylacidiphilaceae;g__Methylacidimicrobium;s__Methylacidimicrobium sp017310545
pmo	GCA_003104975_1	enriched	MOB_NC10	Methylomirabilis	yes	training genus	pmoA	pmoA	pmoA__nc10	359	244		1	d__Bacteria;p__Methylomirabilota;c__Methylomirabilia;o__Methylomirabilales;f__Methylomirabilaceae;g__Methylomirabilis;s__Methylomirabilis sp003104975
pmo	GCA_002632385_1	enriched	MOB_NC10	Methylomirabilis	yes	training genome	pmoA	pmoA	pmoA__nc10	359	244		1	d__Bacteria;p__Methylomirabilota;c__Methylomirabilia;o__Methylomirabilales;f__Methylomirabilaceae;g__Methylomirabilis;s__Methylomirabilis lanthanidiphila
pmo	GCA_023249055_1	enriched	MOB_NC10	Methylomirabilis	yes	training genus	pmoA	pmoA	pmoA__nc10	354	244		1	d__Bacteria;p__Methylomirabilota;c__Methylomirabilia;o__Methylomirabilales;f__Methylomirabilaceae;g__Methylomirabilis;s__Methylomirabilis sp023249055
pmo	GCA_035561835_1	enriched	MOB_NC10	Methylomirabilis	yes	training genus	pmoA	pmoA	pmoA__nc10	355	244		1	d__Bacteria;p__Methylomirabilota;c__Methylomirabilia;o__Methylomirabilales;f__Methylomirabilaceae;g__Methylomirabilis;s__Methylomirabilis sp035561835
pmo	GCA_017879645_1	enriched	AOB_beta	Nitrosomonas	yes	new genus	not_pmoA	not_pmoA	K28504	332	275		1	d__Bacteria;p__Pseudomonadota;c__Gammaproteobacteria;o__Burkholderiales;f__Nitrosomonadaceae;g__Nitrosomonas;s__Nitrosomonas sp017879645
pmo	GCF_040240395_1	enriched	AOB_beta	Nitrosomonas	yes	new genus	not_pmoA	not_pmoA	K28504	329	275		1	d__Bacteria;p__Pseudomonadota;c__Gammaproteobacteria;o__Burkholderiales;f__Nitrosomonadaceae;g__Nitrosomonas;s__Nitrosomonas sp040240425
pmo	GCA_019635175_1	enriched	AOB_beta	Nitrosomonas	yes	new genus	not_pmoA	not_pmoA	K28504	330	275		1	d__Bacteria;p__Pseudomonadota;c__Gammaproteobacteria;o__Burkholderiales;f__Nitrosomonadaceae;g__Nitrosomonas;s__Nitrosomonas sp019635215
pmo	GCA_963745455_1	enriched	AOB_beta	Nitrosospira	yes	new genus	not_pmoA	not_pmoA	K28504	334	275		1	d__Bacteria;p__Pseudomonadota;c__Gammaproteobacteria;o__Burkholderiales;f__Nitrosomonadaceae;g__Nitrosospira;s__Nitrosospira sp963745455
pmo	GCF_902810445_1	enriched	AOB_gamma	Nitrosacidococcus	yes	new genus	not_pmoA	not_pmoA	K10944	376	254		1	d__Bacteria;p__Pseudomonadota;c__Gammaproteobacteria;o__Nitrosococcales;f__Nitrosococcaceae;g__Nitrosacidococcus;s__Nitrosacidococcus tergens
pmo	GCF_000143085_1	enriched	AOB_gamma	Nitrosococcus	yes	new genus	not_pmoA	not_pmoA	K10944	379	248		1	d__Bacteria;p__Pseudomonadota;c__Gammaproteobacteria;o__Nitrosococcales;f__Nitrosococcaceae;g__Nitrosococcus;s__Nitrosococcus watsonii
pmo	GCF_000012805_1	enriched	AOB_gamma	Nitrosococcus	yes	new genus	not_pmoA	not_pmoA	K10944	384	248		1	d__Bacteria;p__Pseudomonadota;c__Gammaproteobacteria;o__Nitrosococcales;f__Nitrosococcaceae;g__Nitrosococcus;s__Nitrosococcus oceani
pmo	GCF_002356115_1	enriched	AOB_gamma	Nitrosoglobus	yes	new genus	not_pmoA	not_pmoA	K10944	379	248		1	d__Bacteria;p__Pseudomonadota;c__Gammaproteobacteria;o__Nitrosococcales;f__Nitrosococcaceae;g__Nitrosoglobus;s__Nitrosoglobus terrae
pmo	GCF_945836005_1	enriched	AOB_gamma	Nitrosacidococcus	yes	new genus	not_pmoA	not_pmoA	K10944	379	254		1	d__Bacteria;p__Pseudomonadota;c__Gammaproteobacteria;o__Nitrosococcales;f__Nitrosococcaceae;g__Nitrosacidococcus;s__Nitrosacidococcus sp945836005
pmo	GCA_026712925_1	enriched	AOA	JAPOPJ01	no	new genus	not_pmoA	not_pmoA	K28504	0	0		1	d__Archaea;p__Thermoproteota;c__Nitrososphaeria;o__Nitrososphaerales;f__Nitrosopumilaceae;g__JAPOPJ01;s__JAPOPJ01 sp026712925
pmo	GCA_965223625_1	enriched	Nitrospira_comammox	Nitrospira_D	yes	new genus	not_pmoA	not_pmoA	K28504	312	282		1	d__Bacteria;p__Nitrospirota;c__Nitrospiria;o__Nitrospirales;f__Nitrospiraceae;g__Nitrospira_D;s__Nitrospira_D sp965223625
pmo	GCA_002331625_1	enriched	Nitrospira_comammox	Nitrospira_D	yes	new genus	not_pmoA	not_pmoA	K28504	310	280		1	d__Bacteria;p__Nitrospirota;c__Nitrospiria;o__Nitrospirales;f__Nitrospiraceae;g__Nitrospira_D;s__Nitrospira_D sp002331625
pmo	GCF_001458735_1	enriched	Nitrospira_comammox	Nitrospira_D	yes	new genus	not_pmoA	not_pmoA	K28504	308	281		1	d__Bacteria;p__Nitrospirota;c__Nitrospiria;o__Nitrospirales;f__Nitrospiraceae;g__Nitrospira_D;s__Nitrospira_D nitrosa
pmo	GCA_002083355_1	backbone	p__Nitrospirota	Nitrospira_D	yes	new genus	not_pmoA	not_pmoA	K28504	307	281		1	d__Bacteria;p__Nitrospirota;c__Nitrospiria;o__Nitrospirales;f__Nitrospiraceae;g__Nitrospira_D;s__Nitrospira_D sp900696515
