seq_id	group	use	genus	species	length	ko	ko_score	seed_identity	anme1	anme1_left_out	anme2ab	anme2ab_left_out	anme2c	anme2c_left_out	anme2d	anme2d_left_out	anme3	anme3_left_out
GCA_004212135.1|RXIE01000134.1_2	anme1	positive	ANME-1-THS	ANME-1-THS sp004212135	467	K00399	709.9	0.0	1008.1	978.8	522.1		559.9		543.6		584.0	
GCA_003194435.1|PQXC01000021.1_2	anme1	positive	G60ANME1	G60ANME1 sp003194435	570	K00399	834.5	0.0	1262.0	1234.7	593.8		621.5		603.7		660.4	
GCA_017883965.1|JAFNKG010000040.1_1	anme1	positive	JAFNKG01	JAFNKG01 sp017883965	458	K00399	648.6	0.0	974.1	938.9	455.1		493.8		479.4		493.6	
GCA_023659785.1|JAGXOR010000016.1_4	anme1	positive	JAGXOR01	JAGXOR01 sp023659785	574	K00399	790.2	0.0	1292.3	1280.3	576.9		591.6		583.0		630.3	
GCA_023131215.1|JAGLZV010000033.1_11	anme1	positive	JAGXOS01	JAGXOS01 sp023131215	579	K00399	791.8	0.0	1304.9	1277.2	585.1		594.6		579.8		633.0	
GCA_003336485.1|QENH01000178.1_13	anme1	positive	Methanophaga	Methanophaga sp003336485	579	K00399	802.0	0.0	1301.0	1272.1	589.8		602.1		591.8		633.4	
GCA_024699715.1|JANPRD010000007.1_105	anme1	positive	Methanospirare	Methanospirare jalkutatii	561	K00399	883.8	0.0	1181.5	1119.7	595.8		645.1		631.9		664.6	
GCA_003160755.1|QEXZ01000047.1_9	anme1	positive	QEXZ01	QEXZ01 sp003160755	579	K00399	800.9	0.0	1313.9	1307.0	579.5		598.8		584.3		631.3	
GCA_009618475.1|WJOV01000082.1_5	anme1	positive	WJOV01	WJOV01 sp009618475	478	K00399	682.0	0.0	1092.9	1084.6	527.2		545.6		532.8		570.0	
GCA_021159465.1|JAGGRR010000058.1_1	anme1	positive	G60ANME1	G60ANME1 sp021159465	477	K00399	713.4	0.0	1076.0	1058.2	544.3		566.5		555.1		596.2	
GCA_014061035.1|JACGMN010000001.1_12	anme1	positive	JACGMN01	JACGMN01 sp014061035	563	K00399	856.9	0.0	1204.3	1169.8	607.2		635.7		619.9		665.1	
GCA_023659775.1|JAGXOS010000050.1_3	anme1	positive	JAGXOS01	JAGXOS01 sp023659775	579	K00399	794.6	0.0	1303.8	1280.0	579.3		593.0		577.5		627.5	
GCA_009903405.1|PRCZ01000073.1_1	anme1	positive	Methanophaga	Methanophaga sp009903405	579	K00399	802.0	0.0	1304.2	1274.1	583.2		589.9		584.1		629.3	
GCA_013374505.1|QENJ01000357.1_4	anme1	positive	QENJ01	QENJ01 sp013374505	579	K00399	790.7	0.0	1293.8	1281.9	581.0		589.6		585.1		623.9	
GCA_014859725.1|JACUTQ010000026.1_8	anme2ab	positive	Kmv04	Kmv04 sp014859725	573	K00399	909.3	0.0	625.5		1342.6	1326.0	812.5		1072.9		1018.5	
GCA_009649835.1|PYCK01000154.1_5	anme2ab	positive	Methanocomedens_A	Methanocomedens_A sp009649835	575	K00399	895.3	0.0	620.7		1351.9	1311.6	784.3		1054.1		1003.4	
GCA_002926195.1|MZXQ01000116.1_23	anme2ab	positive	Methanomarinus	Methanomarinus sp002926195	576	K00399	892.3	0.0	619.3		1318.4	1273.3	791.0		1041.2		1006.3	
GCA_014237115.1|JAAXOG010000087.1_5	anme2ab	positive	Methanocomedens_A	Methanocomedens_A sp014237145	575	K00399	894.1	0.0	619.7		1348.2	1322.4	785.0		1055.0		1002.4	
GCA_019429385.1|JAHYIS010000002.1_97	anme2ab	positive	Methanocomedens_B	Methanocomedens_B sp019429385	573	K00399	919.3	0.0	632.1		1330.2	1296.5	825.9		1096.0		1036.4	
GCA_021108405.1|JAIOQW010000220.1_37	anme2ab	positive	Methanomarinus	Methanomarinus sp021108405	576	K00399	893.3	0.0	621.3		1312.9	1271.8	790.0		1038.5		1006.8	
GCA_028572115.1|JAPVWM010000041.1_4	anme2ab	positive	Methanocomedens_A	Methanocomedens_A sp030600695	575	K00399	894.4	0.0	616.3		1338.1	1284.3	789.0		1031.5		990.5	
GCA_022353185.1|JAKRWB010000151.1_16	anme2ab	positive	Methanocomedens_B	Methanocomedens_B sp022353185	573	K00399	905.9	0.0	626.7		1337.5	1316.5	803.4		1064.3		1013.8	
GCA_030666885.1|DAOUWY010000027.1_1	anme2ab	positive	Methanocomedens_A	Methanocomedens_A sp030666885	541	K00399	848.5	0.0	589.2		1267.0	1235.1	748.4		989.0		959.0	
GCA_003601535.1|PIXW01000224.1_5	anme2c	positive	Methanogaster_B	Methanogaster_B sp003601535	561	K00399	941.6	0.0	656.6		812.2		1328.6	1282.2	853.8		909.8	
GCA_004211975.1|RXIK01000144.1_39	anme2c	positive	Methanogaster_D	Methanogaster_D sp004211975	449	K00399	780.1	0.0	549.8		669.4		1079.5	1046.0	722.4		764.9	
GCA_003194445.1|PQXF01000013.1_80	anme2c	positive	Methanogaster_A	Methanogaster_A sp003194445	561	K00399	928.0	0.0	646.9		804.5		1340.5		851.1		899.3	
GCA_013572355.1|QBUV01000121.1_9	anme2c	positive	Methanogaster_A	Methanogaster_A sp013572355	561	K00399	938.6	0.0	652.6		807.8		1323.9		861.2		907.1	
GCA_964501085.1|CAZCRM010000105.1_1	anme2d	positive	CAZCRM01	CAZCRM01 sp964501085	438	K00399	754.7	0.0	532.0		806.2		714.5		999.6	967.6	787.0	
GCF_000685155.1|NZ_JMIY01000002.1_317	anme2d	positive	Methanoperedens	Methanoperedens nitratireducens	567	K00399	916.4	0.0	624.1		1062.1		844.7		1320.6	1274.1	1017.8	
GCA_002839545.1|PGYG01000037.1_7	anme2d	positive	Methanoperedens_A	Methanoperedens_A sp002839545	566	K00399	899.2	0.0	617.5		1062.7		833.7		1306.5	1264.5	1005.4	
GCF_900196725.1|NZ_FZMP01000185.1_19	anme2d	positive	Methanoperedens	Methanoperedens nitroreducens_A	567	K00399	911.3	0.0	614.3		1055.3		839.6		1321.8	1267.9	1002.6	
GCA_014859785.1|JACUTP010000014.1_4	anme2d	positive	Methanoperedens_A	Methanoperedens_A sp014859785	566	K00399	894.0	0.0	612.9		1060.4		815.3		1305.3	1262.4	1004.1	
GCF_002487355.1|NZ_NTMG01000073.1_16	anme2d	positive	Methanoperedens	Methanoperedens sp002487355	562	K00399	904.6	0.0	627.1		1047.6		826.8		1295.7	1232.3	1013.1	
GCA_965642175.1|CBFFLL010000032.1_13	anme2d	positive	Methanoperedens	Methanoperedens nitratireducens_A	569	K00399	900.4	0.0	618.4		1042.8		835.0		1305.8	1236.8	985.4	
GCA_020724545.1|DYGR01000023.1_26	anme2d	positive	Methanoperedens	Methanoperedens nitroreducens_B	567	K00399	917.7	0.0	624.2		1062.9		841.9		1317.8	1271.2	1020.9	
GCA_003104905.1|PQAS01000057.1_11	anme2d	positive	Methanoperedens	Methanoperedens sp003104905	566	K00399	907.5	0.0	622.5		1057.6		837.3		1330.6	1280.3	1000.2	
GCA_012026795.1|VEPM01000015.1_59	anme2d	positive	Methanoperedens	Methanoperedens sp012026795	562	K00399	906.8	0.0	628.7		1047.8		829.4		1296.5	1235.9	1013.1	
GCA_012026835.1|VEPN01000001.1_42	anme2d	positive	Methanoperedens	Methanoperedens sp012026835	567	K00399	903.3	0.0	612.2		1042.1		837.4		1320.6	1262.6	999.7	
GCA_019429165.1|JAHYJJ010000013.1_7	anme3	positive	Methanovorans	Methanovorans sp019429165	571	K00399	979.0	0.0	654.0		1038.0		900.7		1041.1		1286.1	1235.5
GCA_020793555.1|DQIO01000297.1_1	anme3	positive	Methanovorans	Methanovorans sp020793555	570	K00399	974.5	0.0	671.0		994.1		897.8		993.2		1310.9	1292.7
GCA_020793565.1|DQIP01000227.1_7	anme3	positive	Methanovorans	Methanovorans sp020793565	571	K00399	987.2	0.0	681.2		1010.8		898.5		1005.4		1319.9	1302.9
GCA_023544565.1|JAMJFS010000022.1_25	anme3	positive	Methanovorans	Methanovorans sp023544565	571	K00399	975.7	0.0	654.5		1045.5		898.6		1043.6		1279.8	
GCA_030609665.1|JAUWBW010000020.1_8	anme3	positive	Methanovorans	Methanovorans sp030609665	571	K00399	992.2	0.0	680.7		967.7		866.4		950.4		1274.2	1201.8
GCA_028571425.1|JAPVVI010000062.1_9	anme3	positive	Methanovorans	Methanovorans sp030611265	570	K00399	974.1	0.0	670.5		999.4		894.9		994.1		1308.4	
GCA_030655675.1|JAUSPM010000089.1_3	anme3	positive	Methanovorans	Methanovorans sp030655675	571	K00399	977.4	0.0	655.2		1042.6		896.8		1044.6		1274.8	
GCA_052361105.1|JBQVMA010000146.1_1	anme3	positive	Methanovorans	Methanovorans sp052361145	570	K00399	985.5	0.0	676.4		1004.7		893.9		999.1		1313.7	1297.1
GCA_963676195.2|CAXXJW010000001.1_1469	mg_sarcinaceae	negative	CAXXJW01	CAXXJW01 sp963676195	572	K00399	993.5	0.0	665.8		958.5		854.5		941.7		1173.5	
GCA_028684695.1|JAQUFK010000049.1_6	mg_sarcinaceae	negative	JAQVBP01	JAQVBP01 sp028684695	571	K00399	996.0	0.0	656.5		965.6		882.1		951.7		1150.1	
GCF_000970045.1|NZ_CP009505.1_112	mg_sarcinaceae	negative	MTP4	MTP4 sp000970045	558	K00399	982.2	0.0	653.3		961.9		883.2		938.4		1147.3	
GCF_004363215.1|NZ_SNYS01000006.1_172	mg_sarcinaceae	negative	Methanimicrococcus	Methanimicrococcus blatticola	572	K00399	979.5	0.0	643.8		910.2		855.6		898.0		1087.9	
GCA_012518265.1|JAAYST010000103.1_19	mg_sarcinaceae	negative	Methanofrustulum	Methanofrustulum fimipullorum	571	K00399	979.6	0.0	652.4		910.5		842.6		888.9		1044.3	
GCF_000196655.1|NC_014253.1_900	mg_sarcinaceae	negative	Methanohalobium	Methanohalobium evestigatum	573	K00399	997.1	0.0	696.0		966.6		850.2		942.5		1136.2	
GCF_001683555.1|NZ_MAFX01000022.1_55	mg_sarcinaceae	negative	Methanohalophilus	Methanohalophilus euhalobius	573	K00399	986.8	0.0	660.0		949.5		855.0		923.4		1131.1	
GCF_032714475.1|NZ_JAWDKD010000013.1_83	mg_sarcinaceae	negative	Methanolapillus	Methanolapillus africanus	559	K00399	974.9	0.0	646.5		906.8		858.8		889.0		1086.2	
GCF_017873415.1|NZ_JAGGKD010000005.1_199	mg_sarcinaceae	negative	Methanolobus	Methanolobus bombayensis	572	K00399	995.1	0.0	674.8		963.9		876.6		939.5		1170.3	
GCF_000328665.1|NC_019977.1_1622	mg_sarcinaceae	negative	Methanomethylovorans	Methanomethylovorans hollandica	571	K00399	998.4	0.0	666.6		973.7		869.0		964.6		1202.4	
GCF_024808815.1|NZ_JANUCS010000017.1_28	mg_sarcinaceae	negative	Methanosalsum	Methanosalsum natronophilum	572	K00399	997.6	0.0	690.2		981.1		861.6		967.5		1192.5	
GCF_000007345.1|NC_003552.1_4784	mg_sarcinaceae	negative	Methanosarcina	Methanosarcina acetivorans	570	K00399	1001.1	0.0	644.9		972.1		882.2		949.3		1157.8	
GCA_034659615.1|JAYEHR010000036.1_50	mg_sarcinaceae	negative	JAIOTO01	JAIOTO01 sp034659615	572	K00399	993.4	0.0	674.3		962.1		869.4		956.9		1179.9	
GCA_028690255.1|JAQVBP010000094.1_1	mg_sarcinaceae	negative	JAQVBP01	JAQVBP01 sp028690255	571	K00399	993.2	0.0	656.8		973.0		877.4		939.2		1159.3	
GCF_052056915.1|NZ_CP195119.1_1901	mg_sarcinaceae	negative	MTP4	MTP4 sp052056915	558	K00399	987.4	0.0	663.0		967.5		889.5		944.9		1147.0	
GCF_032714515.1|NZ_JAWDKC010000028.1_17	mg_sarcinaceae	negative	Methanimicrococcus	Methanimicrococcus hacksteinii	572	K00399	978.6	0.0	642.4		909.1		854.1		897.5		1086.0	
GCF_018609725.1|NZ_JAHENT010000022.1_24	mg_sarcinaceae	negative	Methanohalobium	Methanohalobium sp018609725	573	K00399	992.9	0.0	694.3		963.4		846.8		937.0		1135.4	
GCF_001889405.1|NZ_CP017921.1_62	mg_sarcinaceae	negative	Methanohalophilus	Methanohalophilus halophilus	573	K00399	985.4	0.0	660.9		946.9		854.2		921.8		1129.9	
GCF_032594115.1|NZ_CP131060.1_1314	mg_sarcinaceae	negative	Methanolapillus	Methanolapillus millepedarum	571	K00399	981.8	0.0	649.9		915.0		859.7		898.3		1091.2	
GCF_024500045.1|NZ_JTEO01000002.1_572	mg_sarcinaceae	negative	Methanolobus	Methanolobus chelungpuianus	572	K00399	999.1	0.0	671.0		980.3		876.4		969.8		1204.2	
GCF_018434035.1|NZ_JAHDQB010000008.1_54	mg_sarcinaceae	negative	Methanomethylovorans	Methanomethylovorans sp001896725	572	K00399	994.5	0.0	666.2		967.2		864.6		958.5		1206.0	
GCF_000217995.1|NC_015676.1_857	mg_sarcinaceae	negative	Methanosalsum	Methanosalsum zhilinae	572	K00399	1001.6	0.0	692.6		982.2		867.8		978.4		1193.9	
GCF_031461075.1|NZ_JAVKPK010000023.1_7	mg_sarcinaceae	negative	Methanosarcina	Methanosarcina baikalica	571	K00399	1005.6	0.0	658.9		981.1		870.9		970.6		1173.4	
GCA_964597005.1|CAZQWP010000002.1_5	mg_sarcinaceae	negative	JAFGQV01	JAFGQV01 sp964597005	571	K00399	985.0	0.0	681.7		974.8		872.5		956.6		1227.2	
GCA_964423715.1|CAYRGB010000134.1_2	mg_sarcinaceae	negative	JAIOTO01	JAIOTO01 sp964423715	572	K00399	989.1	0.0	675.8		961.8		854.6		942.6		1165.6	
GCA_016841265.1|JAENZL010000013.1_33	mg_sarcinaceae	negative	MTP4	MTP4 sp016841265	558	K00399	991.7	0.0	666.3		970.5		883.3		947.3		1150.9	
GCF_032594095.1|NZ_CP131059.1_1295	mg_sarcinaceae	negative	Methanimicrococcus	Methanimicrococcus hongohii	572	K00399	979.0	0.0	640.0		909.1		856.2		898.7		1086.3	
GCF_046546175.1|NZ_JBKGYF010000008.1_16	mg_sarcinaceae	negative	Methanohalobium	Methanohalobium sp046546175	573	K00399	989.9	0.0	693.9		952.3		850.8		929.0		1127.0	
GCF_017874375.1|NZ_JAGGLK010000001.1_47	mg_sarcinaceae	negative	Methanohalophilus	Methanohalophilus levihalophilus	572	K00399	994.7	0.0	674.1		955.5		874.5		952.5		1172.9	
GCF_032594355.1|NZ_CP131061.1_1433	mg_sarcinaceae	negative	Methanolapillus	Methanolapillus ohkumae	572	K00399	980.5	0.0	649.2		915.0		858.9		896.3		1093.7	
GCF_004745425.1|NZ_PGGK01000001.1_207	mg_sarcinaceae	negative	Methanolobus	Methanolobus halotolerans	572	K00399	1002.9	0.0	688.6		978.3		868.9		972.6		1187.7	
GCF_002067275.1|NZ_MVQX01000013.1_118	mg_sarcinaceae	negative	Methanomethylovorans	Methanomethylovorans sp002067275	571	K00399	998.1	0.0	673.0		970.5		868.9		958.0		1203.1	
GCA_041946675.1|JBHGAU010000038.1_2	mg_sarcinia_other	negative	CAWBKV01	CAWBKV01 sp041946675	570	K00399	961.8	0.0	674.5		860.9		959.0		903.3		951.3	
GCA_963847095.1|CAWJYS010000004.1_164	mg_sarcinia_other	negative	CAWJYS01	CAWJYS01 sp963847095	570	K00399	960.8	0.0	679.0		847.0		947.3		883.5		933.7	
GCA_964462795.1|CAYWZG010000010.1_10	mg_sarcinia_other	negative	CAYWZG01	CAYWZG01 sp964462795	562	K00399	949.2	0.0	657.9		804.4		961.2		840.9		901.5	
GCA_964639235.1|CAZXDN010000011.1_45	mg_sarcinia_other	negative	CAZXDN01	CAZXDN01 sp964639235	559	K00399	974.7	0.0	673.6		852.9		969.5		886.5		951.6	
GCA_035560655.1|DATMZB010000102.1_2	mg_sarcinia_other	negative	DATMZB01	DATMZB01 sp035560655	559	K00399	966.2	0.0	669.5		843.4		958.4		878.4		935.6	
GCA_003157115.1|PMIM01000132.1_2	mg_sarcinia_other	negative	Fen-7	Fen-7 sp003162615	559	K00399	970.8	0.0	678.1		855.9		963.9		882.1		938.9	
GCA_013178225.1|JABLXE010000001.1_283	mg_sarcinia_other	negative	JABLXE01	JABLXE01 sp013178225	559	K00399	966.6	0.0	684.4		859.6		967.7		877.7		946.6	
GCA_016927425.1|JAFGMR010000050.1_10	mg_sarcinia_other	negative	JAFGMR01	JAFGMR01 sp016927425	559	K00399	969.3	0.0	685.5		846.8		957.6		862.6		950.4	
GCA_022865315.1|JALHSR010000327.1_12	mg_sarcinia_other	negative	JALHSR01	JALHSR01 sp022865315	559	K00399	974.3	0.0	665.0		859.0		965.7		884.8		955.3	
GCA_002067795.1|MVQI01000082.1_123	mg_sarcinia_other	negative	MVQI01	MVQI01 sp002067795	559	K00399	979.8	0.0	679.7		848.7		943.4		873.2		940.1	
GCF_029167205.1|NZ_JARFPL010000003.1_50	mg_sarcinia_other	negative	Methanocrinis	Methanocrinis alkalitolerans	559	K00399	969.8	0.0	677.5		843.2		983.0		883.7		946.0	
GCF_000204415.1|NC_015416.1_642	mg_sarcinia_other	negative	Methanothrix	Methanothrix soehngenii	559	K00399	975.6	0.0	671.5		846.7		963.1		880.0		938.8	
GCF_024518575.1|NZ_JANIHG010000007.1_25	mg_sarcinia_other	negative	Methanothrix_B	Methanothrix_B sp024518575	559	K00399	989.4	0.0	691.8		856.4		974.6		869.3		952.6	
GCF_000711905.1|NZ_JONQ01000011.1_85	mg_sarcinia_other	negative	Methermicoccus	Methermicoccus shengliensis	567	K00399	977.6	0.0	684.5		939.3		908.0		967.4		1023.2	
GCA_002506335.1|DAXJ01000035.1_5	mg_sarcinia_other	negative	UBA114	UBA114 sp002506335	737	K00399	899.4	0.0	601.9		759.9		876.8		793.8		851.4	
GCA_002501765.1|DAOG01000076.1_19	mg_sarcinia_other	negative	UBA204	UBA204 sp002501765	562	K00399	948.6	0.0	676.4		814.4		945.5		837.4		906.2	
GCA_902795935.1|CADBMS010000195.1_5	mg_other	negative	CADBMS01	CADBMS01 sp902795935	551	K00399	1005.0	0.0	683.7		700.9		779.8		741.4		802.4	
GCA_025453715.1|JALOPT010000062.1_5	mg_other	negative	CAIKOD01	CAIKOD01 sp025453715	561	K00399	1016.9	0.0	673.9		826.5		895.7		852.1		917.6	
GCA_963726655.1|CAVSDP010000051.1_33	mg_other	negative	CAVSDP01	CAVSDP01 sp963726655	555	K00399	995.7	0.0	777.9		727.7		742.4		747.9		820.4	
GCA_963741025.1|CAVUGW010000053.1_2	mg_other	negative	CAVUGW01	CAVUGW01 sp963741025	554	K00399	989.8	0.0	768.2		716.9		732.1		738.8		812.1	
GCA_964392725.1|CAYMPW010000004.1_49	mg_other	negative	CAYMPW01	CAYMPW01 sp964392725	552	K00399	939.1	0.0	715.1		683.5		699.4		692.0		768.8	
GCA_964464345.1|CAYXFQ010000092.1_1	mg_other	negative	CAYXFQ01	CAYXFQ01 sp964464345	485	K00399	846.3	0.0	647.9		644.4		663.3		644.3		717.2	
GCA_964491505.1|CAZBGM010000001.1_16	mg_other	negative	CAZBGM01	CAZBGM01 sp964491505	567	K00399	1020.8	0.0	661.9		819.4		875.3		816.1		890.1	
GCA_964500045.1|CAZCNG010000128.1_6	mg_other	negative	CAZCNG01	CAZCNG01 sp964500045	554	K00399	993.9	0.0	766.6		732.0		744.4		745.2		820.0	
GCA_964559295.1|CAZLGO010000038.1_1	mg_other	negative	CAZLGO01	CAZLGO01 sp964559295	504	K00399	926.5	0.0	696.1		691.3		761.6		733.8		772.3	
GCA_964580935.1|CAZOLG010000001.1_30	mg_other	negative	CAZOLG01	CAZOLG01 sp964580935	554	K00399	955.4	0.0	754.9		693.5		725.1		694.9		761.0	
GCA_036504055.1|DASXVU010000005.1_67	mg_other	negative	DASXVU01	DASXVU01 sp036504055	554	K00399	994.6	0.0	769.0		709.7		729.5		732.0		804.2	
GCA_011048835.1|DSDF01000036.1_17	mg_other	negative	DSDF01	DSDF01 sp011048835	568	K00399	1010.1	0.0	650.0		796.7		870.6		805.6		879.8	
GCA_011048835.1|DSDF01000089.1_6	mg_other	negative	DSDF01	DSDF01 sp011048835	568	K00399	1007.3	0.0	650.8		810.8		875.3		815.5		884.7	
GCA_003135935.1|PNBI01000087.1_6	mg_other	negative	FEN-33	FEN-33 sp003135935	554	K00399	995.6	0.0	768.4		740.3		741.2		751.3		831.9	
GCA_013415695.1|JAAEEP010000013.1_8	mg_other	negative	JAAEEP01	JAAEEP01 sp013415695	533	K00399	907.1	0.0	740.7		692.7		708.4		695.9		756.0	
GCA_012520845.1|JAAYNL010000015.1_256	mg_other	negative	JAAYNL01	JAAYNL01 sp012520845	553	K00399	942.4	0.0	702.0		684.6		709.9		678.6		764.1	
GCA_012515075.1|JAAYZC010000013.1_45	mg_other	negative	JAAYZC01	JAAYZC01 sp012515075	552	K00399	948.9	0.0	720.0		690.7		713.9		691.6		767.1	
GCA_014361295.1|JACIVX010000001.1_246	mg_other	negative	JACIVX01	JACIVX01 sp014361295	552	K00399	1004.4	0.0	794.8		726.7		765.1		744.6		822.6	
GCA_015660865.1|JACTUA010000002.1_354	mg_other	negative	JACTUA01	JACTUA01 sp015660865	563	K00399	983.5	0.0	679.9		842.0		860.8		855.8		927.5	
GCA_016919625.1|JACXTP010000188.1_3	mg_other	negative	JACXTP01	JACXTP01 sp016919625	555	K00399	997.0	0.0	782.7		732.6		742.0		751.6		818.8	
GCA_016926505.1|JAFGOM010000087.1_21	mg_other	negative	JAFGOM01	JAFGOM01 sp016926505	567	K00399	991.7	0.0	658.7		788.9		870.2		808.0		887.6	
GCF_046197865.1|NZ_CP166990.1_372	mg_other	negative	JAHKLT01	JAHKLT01 sp046197865	551	K00399	1015.4	0.0	733.6		723.0		804.3		770.0		832.8	
GCA_026394375.1|JAPKYJ010000031.1_14	mg_other	negative	JAJRAL01	JAJRAL01 sp026394375	554	K00399	978.2	0.0	768.3		708.3		725.1		724.9		807.7	
GCA_023230065.1|JALNYB010000024.1_2	mg_other	negative	JALNYB01	JALNYB01 sp023230065	554	K00399	939.1	0.0	707.0		672.0		701.4		683.3		761.0	
GCA_023230065.1|JALNYB010000038.1_2	mg_other	negative	JALNYB01	JALNYB01 sp023230065	554	K00399	938.7	0.0	709.9		674.7		696.5		682.1		761.7	
GCA_026394765.1|JAPKXQ010000074.1_7	mg_other	negative	JAPKXQ01	JAPKXQ01 sp026394765	568	K00399	1003.5	0.0	670.6		826.9		883.8		835.6		925.3	
GCA_028694055.1|JAQUUA010000032.1_5	mg_other	negative	JAQUUA01	JAQUUA01 sp028694055	551	K00399	948.2	0.0	721.2		672.0		703.8		672.6		756.8	
GCA_029907705.1|JARYLJ010000004.1_39	mg_other	negative	JARYLJ01	JARYLJ01 sp029907705	567	K00399	987.9	0.0	640.6		829.9		895.3		843.6		918.4	
GCA_030017635.1|JASEIH010000001.1_98	mg_other	negative	JASEFH01	JASEFH01 sp030019205	567	K00399	1005.3	0.0	667.3		843.8		891.8		855.1		941.2	
GCA_004193545.1|RPGO01000005.1_45	acr	negative	Argoarchaeum	Argoarchaeum ethanivorans	640	K00399	596.3	0.0	407.2		434.1		465.7		437.2		497.9	
GCA_002254825.2|NJEL02000005.1_23	acr	negative	EX4572-44	EX4572-44 sp002254825	595	K00399	636.4	0.0	479.8		472.8		498.1		469.5		526.7	
GCA_029932115.1|JAOZQR010000064.1_2	acr	negative	EX4572-44	EX4572-44 sp905171695	595	K00399	642.2	0.0	474.1		491.1		496.4		487.6		543.2	
