seq_id	assembly	gtdb_lineage	group	role	length	ko	score
GCA_051007495.1|JBPCSC010000451.1_2	GCA_051007495.1	d__Bacteria;p__Pseudomonadota;c__Gammaproteobacteria;o__Methylococcales;f__Methylococcaceae;g__CAIVXW01;s__CAIVXW01 sp051007495	gamma	positive	247	K10944	404.6
GCA_050303615.1|JBNLCC010000113.1_42	GCA_050303615.1	d__Bacteria;p__Pseudomonadota;c__Gammaproteobacteria;o__Methylococcales;f__Methylomonadaceae;g__CAZDXJ01;s__CAZDXJ01 sp050303615	gamma	positive	247	K10944	415.8
GCA_964568805.1|CAZMRW010000001.1_75	GCA_964568805.1	d__Bacteria;p__Pseudomonadota;c__Gammaproteobacteria;o__Methylococcales;f__Methylomonadaceae;g__CAZMRW01;s__CAZMRW01 sp964568805	gamma	positive	250	K10944	369.6
GCA_964568805.1|CAZMRW010000004.1_102	GCA_964568805.1	d__Bacteria;p__Pseudomonadota;c__Gammaproteobacteria;o__Methylococcales;f__Methylomonadaceae;g__CAZMRW01;s__CAZMRW01 sp964568805	gamma	positive	247	K10944	410.7
GCA_965224745.1|CBDCZY010000002.1_1066	GCA_965224745.1	d__Bacteria;p__Pseudomonadota;c__Gammaproteobacteria;o__Methylococcales;f__Methylomonadaceae;g__CBDCZY01;s__CBDCZY01 sp965224745	gamma	positive	247	K10944	405.3
GCA_965247565.1|CBDFHF010000002.1_78	GCA_965247565.1	d__Bacteria;p__Pseudomonadota;c__Gammaproteobacteria;o__Methylococcales;f__Methylomonadaceae;g__CBDFHF01;s__CBDFHF01 sp965247565	gamma	positive	250	K10944	366.3
GCA_965247565.1|CBDFHF010000003.1_519	GCA_965247565.1	d__Bacteria;p__Pseudomonadota;c__Gammaproteobacteria;o__Methylococcales;f__Methylomonadaceae;g__CBDFHF01;s__CBDFHF01 sp965247565	gamma	positive	247	K10944	418.3
GCF_900163755.1|NZ_FUKI01000053.1_4	GCF_900163755.1	d__Bacteria;p__Pseudomonadota;c__Gammaproteobacteria;o__Methylococcales;f__Methylomonadaceae;g__Crenothrix;s__Crenothrix polyspora	gamma	positive	250	K10944	370.8
GCF_900163755.1|NZ_FUKI01000135.1_27	GCF_900163755.1	d__Bacteria;p__Pseudomonadota;c__Gammaproteobacteria;o__Methylococcales;f__Methylomonadaceae;g__Crenothrix;s__Crenothrix polyspora	gamma	positive	247	K10944	407.4
GCF_016925495.1|NZ_CP070491.1_3224	GCF_016925495.1	d__Bacteria;p__Pseudomonadota;c__Gammaproteobacteria;o__Methylococcales;f__Methylococcaceae;g__EFPC2;s__EFPC2 sp016925495	gamma	positive	247	K10944	414.1
GCF_016925495.1|NZ_CP070491.1_703	GCF_016925495.1	d__Bacteria;p__Pseudomonadota;c__Gammaproteobacteria;o__Methylococcales;f__Methylococcaceae;g__EFPC2;s__EFPC2 sp016925495	gamma	positive	247	K10944	414.1
GCA_013141375.1|JABFRC010000052.1_3	GCA_013141375.1	d__Bacteria;p__Pseudomonadota;c__Gammaproteobacteria;o__Methylococcales;f__Methylomonadaceae;g__JABFRC01;s__JABFRC01 sp013141375	gamma	positive	249	K10944	412.5
GCA_013140705.1|JABFSH010000008.1_7	GCA_013140705.1	d__Bacteria;p__Pseudomonadota;c__Gammaproteobacteria;o__Methylococcales;f__Methylomonadaceae;g__JABFSH01;s__JABFSH01 sp013140705	gamma	positive	250	K10944	372.0
GCA_013140705.1|JABFSH010000020.1_69	GCA_013140705.1	d__Bacteria;p__Pseudomonadota;c__Gammaproteobacteria;o__Methylococcales;f__Methylomonadaceae;g__JABFSH01;s__JABFSH01 sp013140705	gamma	positive	247	K10944	409.6
GCA_013140705.1|JABFSH010000039.1_4	GCA_013140705.1	d__Bacteria;p__Pseudomonadota;c__Gammaproteobacteria;o__Methylococcales;f__Methylomonadaceae;g__JABFSH01;s__JABFSH01 sp013140705	gamma	positive	250	K10944	371.3
GCA_026989395.1|JALSJK010000139.1_2	GCA_026989395.1	d__Bacteria;p__Pseudomonadota;c__Gammaproteobacteria;o__Methylococcales;f__Methylomonadaceae;g__JALSJK01;s__JALSJK01 sp026989395	gamma	positive	247	K10944	411.3
GCA_024276805.1|JAJRWJ010000112.1_8	GCA_024276805.1	d__Bacteria;p__Pseudomonadota;c__Gammaproteobacteria;o__Methylococcales;f__Methylomonadaceae;g__JANEMG01;s__JANEMG01 sp024276805	gamma	positive	247	K10944	413.8
GCA_032251045.1|JAVVEW010000006.1_10	GCA_032251045.1	d__Bacteria;p__Pseudomonadota;c__Gammaproteobacteria;o__Methylococcales;f__Methylomonadaceae;g__JAVVEW01;s__JAVVEW01 sp032251045	gamma	positive	247	K10944	405.7
GCA_050303415.1|JBNLBS010000001.1_95	GCA_050303415.1	d__Bacteria;p__Pseudomonadota;c__Gammaproteobacteria;o__Methylococcales;f__Methylomonadaceae;g__JBNLBS01;s__JBNLBS01 sp050303415	gamma	positive	247	K10944	417.7
GCF_009828925.2|NZ_WUTY02000001.1_523	GCF_009828925.2	d__Bacteria;p__Pseudomonadota;c__Gammaproteobacteria;o__Methylococcales;f__Methylomonadaceae;g__Methylicorpusculum;s__Methylicorpusculum oleiharenae	gamma	positive	247	K10944	416.8
GCF_000427625.1|NZ_KE386569.1_2717	GCF_000427625.1	d__Bacteria;p__Pseudomonadota;c__Gammaproteobacteria;o__Methylococcales;f__Methylomonadaceae;g__Methylobacter;s__Methylobacter luteus	gamma	positive	247	K10944	414.9
GCF_000427625.1|NZ_KE386569.1_957	GCF_000427625.1	d__Bacteria;p__Pseudomonadota;c__Gammaproteobacteria;o__Methylococcales;f__Methylomonadaceae;g__Methylobacter;s__Methylobacter luteus	gamma	positive	250	K10944	373.9
GCF_003994235.2|NZ_RYFG02000108.1_30	GCF_003994235.2	d__Bacteria;p__Pseudomonadota;c__Gammaproteobacteria;o__Methylococcales;f__Methylomonadaceae;g__Methylobacter_A;s__Methylobacter_A oryzae	gamma	positive	250	K10944	372.4
GCF_003994235.2|NZ_RYFG02000113.1_70	GCF_003994235.2	d__Bacteria;p__Pseudomonadota;c__Gammaproteobacteria;o__Methylococcales;f__Methylomonadaceae;g__Methylobacter_A;s__Methylobacter_A oryzae	gamma	positive	247	K10944	415.2
GCF_902806695.1|NZ_CADCXN010000080.1_28	GCF_902806695.1	d__Bacteria;p__Pseudomonadota;c__Gammaproteobacteria;o__Methylococcales;f__Methylomonadaceae;g__Methylobacter_B;s__Methylobacter_B favarea	gamma	positive	247	K10944	409.8
GCF_025583945.1|NZ_JAOEGU010000014.1_53	GCF_025583945.1	d__Bacteria;p__Pseudomonadota;c__Gammaproteobacteria;o__Methylococcales;f__Methylomonadaceae;g__Methylobacter_C;s__Methylobacter_C psychrophilus	gamma	positive	249	K10944	415.4
GCF_964023245.1|NZ_OZ026884.1_1380	GCF_964023245.1	d__Bacteria;p__Pseudomonadota;c__Gammaproteobacteria;o__Methylococcales;f__Methylococcaceae;g__Methylocalor;s__Methylocalor cossyra	gamma	positive	247	K10944	401.6
GCF_964023245.1|NZ_OZ026884.1_2580	GCF_964023245.1	d__Bacteria;p__Pseudomonadota;c__Gammaproteobacteria;o__Methylococcales;f__Methylococcaceae;g__Methylocalor;s__Methylocalor cossyra	gamma	positive	247	K10944	401.6
GCF_000008325.1|NC_002977.6_1765	GCF_000008325.1	d__Bacteria;p__Pseudomonadota;c__Gammaproteobacteria;o__Methylococcales;f__Methylococcaceae;g__Methylococcus;s__Methylococcus capsulatus	gamma	positive	247	K10944	418.1
GCF_000008325.1|NC_002977.6_2792	GCF_000008325.1	d__Bacteria;p__Pseudomonadota;c__Gammaproteobacteria;o__Methylococcales;f__Methylococcaceae;g__Methylococcus;s__Methylococcus capsulatus	gamma	positive	247	K10944	418.1
GCF_001312345.1|NZ_BBDL01000475.1_1	GCF_001312345.1	d__Bacteria;p__Pseudomonadota;c__Gammaproteobacteria;o__Methylococcales;f__Methylococcaceae;g__Methylogaea;s__Methylogaea oryzae	gamma	positive	247	K10944	408.6
GCF_000496735.2|NZ_AYLO01000074.1_38	GCF_000496735.2	d__Bacteria;p__Pseudomonadota;c__Gammaproteobacteria;o__Methylococcales;f__Methylomonadaceae;g__Methyloglobulus;s__Methyloglobulus morosus	gamma	positive	247	K10944	404.0
GCF_000496735.2|NZ_AYLO01000115.1_4	GCF_000496735.2	d__Bacteria;p__Pseudomonadota;c__Gammaproteobacteria;o__Methylococcales;f__Methylomonadaceae;g__Methyloglobulus;s__Methyloglobulus morosus	gamma	positive	250	K28504	290.7
GCF_000496735.2|NZ_AYLO01000152.1_6	GCF_000496735.2	d__Bacteria;p__Pseudomonadota;c__Gammaproteobacteria;o__Methylococcales;f__Methylomonadaceae;g__Methyloglobulus;s__Methyloglobulus morosus	gamma	positive	247	K28504	268.7
GCF_033126985.1|NZ_AP024714.1_456	GCF_033126985.1	d__Bacteria;p__Pseudomonadota;c__Gammaproteobacteria;o__Methylococcales;f__Methylothermaceae;g__Methylohalobius;s__Methylohalobius caldicuralii	gamma	positive	247	K10944	408.7
GCF_033126985.1|NZ_AP024714.1_932	GCF_033126985.1	d__Bacteria;p__Pseudomonadota;c__Gammaproteobacteria;o__Methylococcales;f__Methylothermaceae;g__Methylohalobius;s__Methylohalobius caldicuralii	gamma	positive	247	K10944	408.6
GCF_019670005.1|NZ_AP019783.1_2051	GCF_019670005.1	d__Bacteria;p__Pseudomonadota;c__Gammaproteobacteria;o__Methylococcales;f__Methylococcaceae;g__Methylomagnum;s__Methylomagnum ishizawai	gamma	positive	247	K10944	405.5
GCF_019670005.1|NZ_AP019783.1_3979	GCF_019670005.1	d__Bacteria;p__Pseudomonadota;c__Gammaproteobacteria;o__Methylococcales;f__Methylococcaceae;g__Methylomagnum;s__Methylomagnum ishizawai	gamma	positive	247	K10944	405.5
GCF_019670005.1|NZ_AP019784.1_74	GCF_019670005.1	d__Bacteria;p__Pseudomonadota;c__Gammaproteobacteria;o__Methylococcales;f__Methylococcaceae;g__Methylomagnum;s__Methylomagnum ishizawai	gamma	positive	250	K10944	370.3
GCF_030717995.2|NZ_CP157743.1_1221	GCF_030717995.2	d__Bacteria;p__Pseudomonadota;c__Gammaproteobacteria;o__Methylococcales;f__Methylomonadaceae;g__Methylomarinum;s__Methylomarinum roseum	gamma	positive	249	K10944	412.9
GCF_014850955.1|NZ_JACXSS010000001.1_231	GCF_014850955.1	d__Bacteria;p__Pseudomonadota;c__Gammaproteobacteria;o__Methylococcales;f__Methylomonadaceae;g__Methylomonas;s__Methylomonas albis	gamma	positive	249	K10944	415.3
GCF_014850955.1|NZ_JACXSS010000001.1_3948	GCF_014850955.1	d__Bacteria;p__Pseudomonadota;c__Gammaproteobacteria;o__Methylococcales;f__Methylomonadaceae;g__Methylomonas;s__Methylomonas albis	gamma	positive	250	K10944	372.2
GCF_002072955.1|NZ_LPUF01000004.1_33	GCF_002072955.1	d__Bacteria;p__Pseudomonadota;c__Gammaproteobacteria;o__Methylococcales;f__Methylomonadaceae;g__Methyloprofundus;s__Methyloprofundus sedimenti	gamma	positive	249	K10944	409.1
GCF_000372865.1|NZ_KB889965.1_3344	GCF_000372865.1	d__Bacteria;p__Pseudomonadota;c__Gammaproteobacteria;o__Methylococcales;f__Methylomonadaceae;g__Methylosarcina;s__Methylosarcina fibrata	gamma	positive	247	K10944	410.6
GCF_009498235.1|NZ_CP044205.1_304	GCF_009498235.1	d__Bacteria;p__Pseudomonadota;c__Gammaproteobacteria;o__Methylococcales;f__Methylococcaceae;g__Methylospira;s__Methylospira mobilis	gamma	positive	247	K10944	408.7
GCF_009498235.1|NZ_CP044205.1_3146	GCF_009498235.1	d__Bacteria;p__Pseudomonadota;c__Gammaproteobacteria;o__Methylococcales;f__Methylococcaceae;g__Methylospira;s__Methylospira mobilis	gamma	positive	247	K10944	408.7
GCF_000934725.1|NZ_JYNS01000012.1_110	GCF_000934725.1	d__Bacteria;p__Pseudomonadota;c__Gammaproteobacteria;o__Methylococcales;f__Methylococcaceae;g__Methyloterricola;s__Methyloterricola oryzae	gamma	positive	250	K10944	372.5
GCF_000934725.1|NZ_JYNS01000018.1_64	GCF_000934725.1	d__Bacteria;p__Pseudomonadota;c__Gammaproteobacteria;o__Methylococcales;f__Methylococcaceae;g__Methyloterricola;s__Methyloterricola oryzae	gamma	positive	247	K10944	410.3
GCF_000934725.1|NZ_JYNS01000022.1_1	GCF_000934725.1	d__Bacteria;p__Pseudomonadota;c__Gammaproteobacteria;o__Methylococcales;f__Methylococcaceae;g__Methyloterricola;s__Methyloterricola oryzae	gamma	positive	217	K10944	386.9
GCF_006175985.1|NZ_SRSH01000004.1_127	GCF_006175985.1	d__Bacteria;p__Pseudomonadota;c__Gammaproteobacteria;o__Methylococcales;f__Methylococcaceae;g__Methylotetracoccus;s__Methylotetracoccus oryzae	gamma	positive	247	K10944	407.5
GCF_006175985.1|NZ_SRSH01000018.1_40	GCF_006175985.1	d__Bacteria;p__Pseudomonadota;c__Gammaproteobacteria;o__Methylococcales;f__Methylococcaceae;g__Methylotetracoccus;s__Methylotetracoccus oryzae	gamma	positive	247	K10944	398.1
GCF_000968535.2|NC_016112.1_509	GCF_000968535.2	d__Bacteria;p__Pseudomonadota;c__Gammaproteobacteria;o__Methylococcales;f__Methylomonadaceae;g__Methylotuvimicrobium;s__Methylotuvimicrobium alcaliphilum	gamma	positive	247	K10944	414.8
GCF_000384075.1|NZ_KB913025.1_879	GCF_000384075.1	d__Bacteria;p__Pseudomonadota;c__Gammaproteobacteria;o__Methylococcales;f__Methylomonadaceae;g__Methylovulum;s__Methylovulum miyakonense	gamma	positive	247	K10944	415.5
GCA_003242955.1|QJPH01000100.1_2	GCA_003242955.1	d__Bacteria;p__Pseudomonadota;c__Gammaproteobacteria;o__Methylococcales;f__Methylococcaceae;g__Methylumidiphilus;s__Methylumidiphilus alinenensis	gamma	positive	247	K10944	410.9
GCA_001901525.1|MPSY01000086.1_2	GCA_001901525.1	d__Bacteria;p__Pseudomonadota;c__Gammaproteobacteria;o__Methylococcales;f__Methylomonadaceae;g__OPU3-GD-OMZ;s__OPU3-GD-OMZ sp001901525	gamma	positive	247	K10944	396.4
GCA_002843155.1|PGZD01000011.1_13	GCA_002843155.1	d__Bacteria;p__Pseudomonadota;c__Gammaproteobacteria;o__Methylococcales;f__Methylomonadaceae;g__PGZD01;s__PGZD01 sp002843155	gamma	positive	247	K10944	417.4
GCA_003666325.1|QPIL01000117.1_56	GCA_003666325.1	d__Bacteria;p__Pseudomonadota;c__Gammaproteobacteria;o__Methylococcales;f__Methylomonadaceae;g__QPIN01;s__QPIN01 sp003666325	gamma	positive	249	K10944	411.5
GCA_005772825.1|SXIP01000021.1_16	GCA_005772825.1	d__Bacteria;p__Pseudomonadota;c__Gammaproteobacteria;o__Methylococcales;f__Methylomonadaceae;g__SXIP01;s__SXIP01 sp005772825	gamma	positive	247	K10944	410.3
GCA_005772825.1|SXIP01000231.1_16	GCA_005772825.1	d__Bacteria;p__Pseudomonadota;c__Gammaproteobacteria;o__Methylococcales;f__Methylomonadaceae;g__SXIP01;s__SXIP01 sp005772825	gamma	positive	250	K10944	376.0
GCA_005779525.1|SXIZ01000110.1_5	GCA_005779525.1	d__Bacteria;p__Pseudomonadota;c__Gammaproteobacteria;o__Methylococcales;f__Methylomonadaceae;g__SXIZ01;s__SXIZ01 sp005779525	gamma	positive	250	K10944	368.5
GCA_002134785.1|MBQZ01000060.1_7	GCA_002134785.1	d__Bacteria;p__Pseudomonadota;c__Gammaproteobacteria;o__Methylococcales;f__Methylomonadaceae;g__UBA4132;s__UBA4132 sp002134785	gamma	positive	249	K10944	415.2
GCA_002928495.1|PERF01000054.1_7	GCA_002928495.1	d__Bacteria;p__Pseudomonadota;c__Gammaproteobacteria;o__Methylococcales;f__Methylomonadaceae;g__WM-3-3;s__WM-3-3 sp002928495	gamma	positive	247	K10944	415.6
GCA_041169045.1|JBEEJU010000080.1_19	GCA_041169045.1	d__Bacteria;p__Pseudomonadota;c__Gammaproteobacteria;o__Methylococcales;f__Methylomonadaceae;g__CAIQWF01;s__CAIQWF01 sp041169045	gamma	positive	249	K10944	411.0
GCA_963848675.1|CAWKEY010000070.1_4	GCA_963848675.1	d__Bacteria;p__Pseudomonadota;c__Gammaproteobacteria;o__Methylococcales;f__Methylomonadaceae;g__CAWKEY01;s__CAWKEY01 sp963848675	gamma	positive	247	K10944	413.1
GCA_964509475.1|CAZDXJ010000001.1_41	GCA_964509475.1	d__Bacteria;p__Pseudomonadota;c__Gammaproteobacteria;o__Methylococcales;f__Methylomonadaceae;g__CAZDXJ01;s__CAZDXJ01 sp964509475	gamma	positive	247	K10944	417.3
GCF_900163745.1|NZ_FUKJ01000014.1_3	GCF_900163745.1	d__Bacteria;p__Pseudomonadota;c__Gammaproteobacteria;o__Methylococcales;f__Methylomonadaceae;g__Crenothrix;s__Crenothrix polyspora_B	gamma	positive	250	K10944	371.4
GCF_900163745.1|NZ_FUKJ01000458.1_14	GCF_900163745.1	d__Bacteria;p__Pseudomonadota;c__Gammaproteobacteria;o__Methylococcales;f__Methylomonadaceae;g__Crenothrix;s__Crenothrix polyspora_B	gamma	positive	247	K10944	408.3
GCA_028714175.1|JAQTMV010000027.1_23	GCA_028714175.1	d__Bacteria;p__Pseudomonadota;c__Gammaproteobacteria;o__Methylococcales;f__Methylomonadaceae;g__JAGXGJ01;s__JAGXGJ01 sp028714175	gamma	positive	247	K10944	416.4
GCA_028714175.1|JAQTMV010000164.1_5	GCA_028714175.1	d__Bacteria;p__Pseudomonadota;c__Gammaproteobacteria;o__Methylococcales;f__Methylomonadaceae;g__JAGXGJ01;s__JAGXGJ01 sp028714175	gamma	positive	271	K10944	415.2
GCF_000427445.1|NZ_KE386496.1_3419	GCF_000427445.1	d__Bacteria;p__Pseudomonadota;c__Alphaproteobacteria;o__Rhizobiales;f__Beijerinckiaceae;g__Methylocapsa;s__Methylocapsa acidiphila	alpha	positive	293	K10944	407.6
GCF_036576025.1|NZ_JAZHYN010000050.1_15	GCF_036576025.1	d__Bacteria;p__Pseudomonadota;c__Alphaproteobacteria;o__Rhizobiales;f__Beijerinckiaceae;g__Methylocystis;s__Methylocystis borbori	alpha	positive	256	K10944	391.1
GCF_000379125.1|NZ_KB900626.1_1796	GCF_000379125.1	d__Bacteria;p__Pseudomonadota;c__Alphaproteobacteria;o__Rhizobiales;f__Beijerinckiaceae;g__Methylosinus;s__Methylosinus sp000379125	alpha	positive	256	K10944	391.9
GCF_000379125.1|NZ_KB900626.1_2407	GCF_000379125.1	d__Bacteria;p__Pseudomonadota;c__Alphaproteobacteria;o__Rhizobiales;f__Beijerinckiaceae;g__Methylosinus;s__Methylosinus sp000379125	alpha	positive	252	K10944	401.8
GCF_000379125.1|NZ_KB900626.1_981	GCF_000379125.1	d__Bacteria;p__Pseudomonadota;c__Alphaproteobacteria;o__Rhizobiales;f__Beijerinckiaceae;g__Methylosinus;s__Methylosinus sp000379125	alpha	positive	252	K10944	401.8
GCF_000746085.1|NZ_JQKO01000020.1_2	GCF_000746085.1	d__Bacteria;p__Pseudomonadota;c__Alphaproteobacteria;o__Rhizobiales;f__Beijerinckiaceae;g__Methylocapsa;s__Methylocapsa aurea	alpha	positive	294	K10944	407.8
GCF_002117405.1|NZ_CP019948.1_108	GCF_002117405.1	d__Bacteria;p__Pseudomonadota;c__Alphaproteobacteria;o__Rhizobiales;f__Beijerinckiaceae;g__Methylocystis;s__Methylocystis bryophila	alpha	positive	250	K10944	375.2
GCF_002117405.1|NZ_CP019948.1_2614	GCF_002117405.1	d__Bacteria;p__Pseudomonadota;c__Alphaproteobacteria;o__Rhizobiales;f__Beijerinckiaceae;g__Methylocystis;s__Methylocystis bryophila	alpha	positive	253	K10944	386.8
GCF_002117405.1|NZ_CP019948.1_2866	GCF_002117405.1	d__Bacteria;p__Pseudomonadota;c__Alphaproteobacteria;o__Rhizobiales;f__Beijerinckiaceae;g__Methylocystis;s__Methylocystis bryophila	alpha	positive	252	K10944	395.7
GCF_002117405.1|NZ_CP019948.1_3628	GCF_002117405.1	d__Bacteria;p__Pseudomonadota;c__Alphaproteobacteria;o__Rhizobiales;f__Beijerinckiaceae;g__Methylocystis;s__Methylocystis bryophila	alpha	positive	252	K10944	395.7
GCF_000527115.1|NZ_AZUO01000001.1_1583	GCF_000527115.1	d__Bacteria;p__Pseudomonadota;c__Alphaproteobacteria;o__Rhizobiales;f__Beijerinckiaceae;g__Methylosinus;s__Methylosinus sp000685825	alpha	positive	256	K10944	391.3
GCF_000527115.1|NZ_AZUO01000001.1_2260	GCF_000527115.1	d__Bacteria;p__Pseudomonadota;c__Alphaproteobacteria;o__Rhizobiales;f__Beijerinckiaceae;g__Methylosinus;s__Methylosinus sp000685825	alpha	positive	252	K10944	401.8
GCF_000527115.1|NZ_AZUO01000001.1_3123	GCF_000527115.1	d__Bacteria;p__Pseudomonadota;c__Alphaproteobacteria;o__Rhizobiales;f__Beijerinckiaceae;g__Methylosinus;s__Methylosinus sp000685825	alpha	positive	252	K10944	401.8
GCF_900114285.1|NZ_FOSN01000007.1_162	GCF_900114285.1	d__Bacteria;p__Pseudomonadota;c__Alphaproteobacteria;o__Rhizobiales;f__Beijerinckiaceae;g__Methylocapsa;s__Methylocapsa palsarum	alpha	positive	290	K10944	395.7
GCF_027923385.1|NZ_BSEC01000001.1_1868	GCF_027923385.1	d__Bacteria;p__Pseudomonadota;c__Alphaproteobacteria;o__Rhizobiales;f__Beijerinckiaceae;g__Methylocystis;s__Methylocystis echinoides	alpha	positive	252	K10944	397.3
GCF_027923385.1|NZ_BSEC01000001.1_3355	GCF_027923385.1	d__Bacteria;p__Pseudomonadota;c__Alphaproteobacteria;o__Rhizobiales;f__Beijerinckiaceae;g__Methylocystis;s__Methylocystis echinoides	alpha	positive	250	K10944	368.1
GCF_027923385.1|NZ_BSEC01000001.1_618	GCF_027923385.1	d__Bacteria;p__Pseudomonadota;c__Alphaproteobacteria;o__Rhizobiales;f__Beijerinckiaceae;g__Methylocystis;s__Methylocystis echinoides	alpha	positive	252	K10944	397.3
GCF_027923385.1|NZ_BSEC01000003.1_120	GCF_027923385.1	d__Bacteria;p__Pseudomonadota;c__Alphaproteobacteria;o__Rhizobiales;f__Beijerinckiaceae;g__Methylocystis;s__Methylocystis echinoides	alpha	positive	250	K10944	372.0
GCF_000745215.1|NZ_JQNK01000008.1_534	GCF_000745215.1	d__Bacteria;p__Pseudomonadota;c__Alphaproteobacteria;o__Rhizobiales;f__Beijerinckiaceae;g__Methylosinus;s__Methylosinus sp000745215	alpha	positive	256	K10944	389.9
GCF_000745215.1|NZ_JQNK01000009.1_1267	GCF_000745215.1	d__Bacteria;p__Pseudomonadota;c__Alphaproteobacteria;o__Rhizobiales;f__Beijerinckiaceae;g__Methylosinus;s__Methylosinus sp000745215	alpha	positive	252	K10944	401.8
GCF_000745215.1|NZ_JQNK01000009.1_197	GCF_000745215.1	d__Bacteria;p__Pseudomonadota;c__Alphaproteobacteria;o__Rhizobiales;f__Beijerinckiaceae;g__Methylosinus;s__Methylosinus sp000745215	alpha	positive	252	K10944	401.8
GCF_045689225.1|NZ_CP136862.1_2482	GCF_045689225.1	d__Bacteria;p__Pseudomonadota;c__Alphaproteobacteria;o__Rhizobiales;f__Beijerinckiaceae;g__Methylocapsa;s__Methylocapsa polymorpha	alpha	positive	293	K10944	406.2
GCF_040687965.1|NZ_CP156084.1_2067	GCF_040687965.1	d__Bacteria;p__Pseudomonadota;c__Alphaproteobacteria;o__Rhizobiales;f__Beijerinckiaceae;g__Methylocystis;s__Methylocystis echinoides_A	alpha	positive	252	K10944	397.4
GCF_040687965.1|NZ_CP156084.1_3165	GCF_040687965.1	d__Bacteria;p__Pseudomonadota;c__Alphaproteobacteria;o__Rhizobiales;f__Beijerinckiaceae;g__Methylocystis;s__Methylocystis echinoides_A	alpha	positive	252	K10944	397.4
GCF_009811655.1|NZ_BGJX01000039.1_9	GCF_009811655.1	d__Bacteria;p__Pseudomonadota;c__Alphaproteobacteria;o__Rhizobiales;f__Beijerinckiaceae;g__Methylosinus;s__Methylosinus sp009811655	alpha	positive	256	K10944	393.8
GCF_009811655.1|NZ_BGJX01000067.1_2	GCF_009811655.1	d__Bacteria;p__Pseudomonadota;c__Alphaproteobacteria;o__Rhizobiales;f__Beijerinckiaceae;g__Methylosinus;s__Methylosinus sp009811655	alpha	positive	252	K10944	403.0
GCF_004802635.2|NZ_CP046052.1_1243	GCF_004802635.2	d__Bacteria;p__Pseudomonadota;c__Alphaproteobacteria;o__Rhizobiales;f__Beijerinckiaceae;g__Methylocystis;s__Methylocystis heyeri	alpha	positive	252	K10944	399.0
GCF_004802635.2|NZ_CP046052.1_2320	GCF_004802635.2	d__Bacteria;p__Pseudomonadota;c__Alphaproteobacteria;o__Rhizobiales;f__Beijerinckiaceae;g__Methylocystis;s__Methylocystis heyeri	alpha	positive	256	K10944	395.7
GCF_004802635.2|NZ_CP046052.1_3489	GCF_004802635.2	d__Bacteria;p__Pseudomonadota;c__Alphaproteobacteria;o__Rhizobiales;f__Beijerinckiaceae;g__Methylocystis;s__Methylocystis heyeri	alpha	positive	252	K10944	399.0
GCF_009936375.1|NZ_AP022332.1_2091	GCF_009936375.1	d__Bacteria;p__Pseudomonadota;c__Alphaproteobacteria;o__Rhizobiales;f__Beijerinckiaceae;g__Methylosinus;s__Methylosinus sp009936375	alpha	positive	256	K10944	391.3
GCF_009936375.1|NZ_AP022332.1_2246	GCF_009936375.1	d__Bacteria;p__Pseudomonadota;c__Alphaproteobacteria;o__Rhizobiales;f__Beijerinckiaceae;g__Methylosinus;s__Methylosinus sp009936375	alpha	positive	252	K10944	402.5
GCF_009936375.1|NZ_AP022332.1_3476	GCF_009936375.1	d__Bacteria;p__Pseudomonadota;c__Alphaproteobacteria;o__Rhizobiales;f__Beijerinckiaceae;g__Methylosinus;s__Methylosinus sp009936375	alpha	positive	252	K10944	402.5
GCF_003722355.1|NZ_QWDD01000001.1_1425	GCF_003722355.1	d__Bacteria;p__Pseudomonadota;c__Alphaproteobacteria;o__Rhizobiales;f__Beijerinckiaceae;g__Methylocystis;s__Methylocystis hirsuta	alpha	positive	250	K10944	372.5
GCF_003722355.1|NZ_QWDD01000001.1_2687	GCF_003722355.1	d__Bacteria;p__Pseudomonadota;c__Alphaproteobacteria;o__Rhizobiales;f__Beijerinckiaceae;g__Methylocystis;s__Methylocystis hirsuta	alpha	positive	252	K10944	398.1
GCF_003722355.1|NZ_QWDD01000001.1_987	GCF_003722355.1	d__Bacteria;p__Pseudomonadota;c__Alphaproteobacteria;o__Rhizobiales;f__Beijerinckiaceae;g__Methylocystis;s__Methylocystis hirsuta	alpha	positive	252	K10944	398.1
GCF_015709455.1|NZ_JADNQW010000005.1_2884	GCF_015709455.1	d__Bacteria;p__Pseudomonadota;c__Alphaproteobacteria;o__Rhizobiales;f__Beijerinckiaceae;g__Methylosinus;s__Methylosinus sp015709455	alpha	positive	256	K10944	393.6
GCF_015709455.1|NZ_JADNQW010000005.1_3586	GCF_015709455.1	d__Bacteria;p__Pseudomonadota;c__Alphaproteobacteria;o__Rhizobiales;f__Beijerinckiaceae;g__Methylosinus;s__Methylosinus sp015709455	alpha	positive	252	K10944	400.4
GCF_015709455.1|NZ_JADNQW010000005.1_540	GCF_015709455.1	d__Bacteria;p__Pseudomonadota;c__Alphaproteobacteria;o__Rhizobiales;f__Beijerinckiaceae;g__Methylosinus;s__Methylosinus sp015709455	alpha	positive	252	K10944	400.4
GCF_029855125.1|NZ_CP123229.1_1967	GCF_029855125.1	d__Bacteria;p__Pseudomonadota;c__Alphaproteobacteria;o__Rhizobiales;f__Beijerinckiaceae;g__Methylocapsa;s__Methylocapsa sp029855125	alpha	positive	289	K10944	392.1
GCF_016745395.1|NZ_JAERVJ010000003.1_338	GCF_016745395.1	d__Bacteria;p__Pseudomonadota;c__Alphaproteobacteria;o__Rhizobiales;f__Beijerinckiaceae;g__Methylocystis;s__Methylocystis iwaonis	alpha	positive	256	K10944	396.9
GCF_016745395.1|NZ_JAERVJ010000017.1_1	GCF_016745395.1	d__Bacteria;p__Pseudomonadota;c__Alphaproteobacteria;o__Rhizobiales;f__Beijerinckiaceae;g__Methylocystis;s__Methylocystis iwaonis	alpha	positive	252	K10944	394.4
GCF_019802345.1|NZ_JAINDZ010000017.1_60	GCF_019802345.1	d__Bacteria;p__Pseudomonadota;c__Alphaproteobacteria;o__Rhizobiales;f__Beijerinckiaceae;g__Methylosinus;s__Methylosinus sp019802345	alpha	positive	256	K10944	393.3
GCF_000283235.1|NZ_AJTV01000045.1_26	GCF_000283235.1	d__Bacteria;p__Pseudomonadota;c__Alphaproteobacteria;o__Rhizobiales;f__Beijerinckiaceae;g__Methylocystis;s__Methylocystis parva	alpha	positive	256	K10944	394.2
GCF_000283235.1|NZ_AJTV01000081.1_2	GCF_000283235.1	d__Bacteria;p__Pseudomonadota;c__Alphaproteobacteria;o__Rhizobiales;f__Beijerinckiaceae;g__Methylocystis;s__Methylocystis parva	alpha	positive	252	K10944	396.1
GCF_036560965.1|NZ_DATBQF010000069.1_11	GCF_036560965.1	d__Bacteria;p__Pseudomonadota;c__Alphaproteobacteria;o__Rhizobiales;f__Beijerinckiaceae;g__Methylosinus;s__Methylosinus sp036560965	alpha	positive	256	K10944	393.7
GCF_004421255.1|NZ_LXQC01000002.1_11	GCF_004421255.1	d__Bacteria;p__Verrucomicrobiota;c__Verrucomicrobiia;o__Methylacidiphilales;f__Methylacidiphilaceae;g__Methylacidiphilum;s__Methylacidiphilum caldifontis	verruco	positive	245	K10944	398.8
GCF_004421255.1|NZ_LXQC01000002.1_14	GCF_004421255.1	d__Bacteria;p__Verrucomicrobiota;c__Verrucomicrobiia;o__Methylacidiphilales;f__Methylacidiphilaceae;g__Methylacidiphilum;s__Methylacidiphilum caldifontis	verruco	positive	245	K10944	397.5
GCF_004421255.1|NZ_LXQC01000046.1_9	GCF_004421255.1	d__Bacteria;p__Verrucomicrobiota;c__Verrucomicrobiia;o__Methylacidiphilales;f__Methylacidiphilaceae;g__Methylacidiphilum;s__Methylacidiphilum caldifontis	verruco	positive	249	K10944	316.6
GCF_905250085.1|NZ_CAJNOB010000056.1_52	GCF_905250085.1	d__Bacteria;p__Verrucomicrobiota;c__Verrucomicrobiia;o__Methylacidiphilales;f__Methylacidiphilaceae;g__Methylacidithermus;s__Methylacidithermus pantelleriae	verruco	positive	243	K10944	346.7
GCF_000297415.1|NZ_CAHT01000053.1_6	GCF_000297415.1	d__Bacteria;p__Verrucomicrobiota;c__Verrucomicrobiia;o__Methylacidiphilales;f__Methylacidiphilaceae;g__Methylacidiphilum;s__Methylacidiphilum fumarolicum	verruco	positive	249	K10944	317.0
GCF_000297415.1|NZ_CAHT01000085.1_3	GCF_000297415.1	d__Bacteria;p__Verrucomicrobiota;c__Verrucomicrobiia;o__Methylacidiphilales;f__Methylacidiphilaceae;g__Methylacidiphilum;s__Methylacidiphilum fumarolicum	verruco	positive	245	K10944	396.5
GCF_000297415.1|NZ_CAHT01000087.1_2	GCF_000297415.1	d__Bacteria;p__Verrucomicrobiota;c__Verrucomicrobiia;o__Methylacidiphilales;f__Methylacidiphilaceae;g__Methylacidiphilum;s__Methylacidiphilum fumarolicum	verruco	positive	266	K10944	404.6
GCF_000019665.1|NC_010794.1_1298	GCF_000019665.1	d__Bacteria;p__Verrucomicrobiota;c__Verrucomicrobiia;o__Methylacidiphilales;f__Methylacidiphilaceae;g__Methylacidiphilum;s__Methylacidiphilum infernorum	verruco	positive	245	K10944	397.3
GCF_000019665.1|NC_010794.1_1301	GCF_000019665.1	d__Bacteria;p__Verrucomicrobiota;c__Verrucomicrobiia;o__Methylacidiphilales;f__Methylacidiphilaceae;g__Methylacidiphilum;s__Methylacidiphilum infernorum	verruco	positive	249	K10944	399.2
GCF_000019665.1|NC_010794.1_1375	GCF_000019665.1	d__Bacteria;p__Verrucomicrobiota;c__Verrucomicrobiia;o__Methylacidiphilales;f__Methylacidiphilaceae;g__Methylacidiphilum;s__Methylacidiphilum infernorum	verruco	positive	249	K10944	318.1
GCF_000817245.1|NZ_JQNX01000001.1_156	GCF_000817245.1	d__Bacteria;p__Verrucomicrobiota;c__Verrucomicrobiia;o__Methylacidiphilales;f__Methylacidiphilaceae;g__Methylacidiphilum;s__Methylacidiphilum kamchatkense	verruco	positive	266	K10944	405.5
GCF_000817245.1|NZ_JQNX01000001.1_159	GCF_000817245.1	d__Bacteria;p__Verrucomicrobiota;c__Verrucomicrobiia;o__Methylacidiphilales;f__Methylacidiphilaceae;g__Methylacidiphilum;s__Methylacidiphilum kamchatkense	verruco	positive	245	K10944	396.5
GCF_000817245.1|NZ_JQNX01000001.1_297	GCF_000817245.1	d__Bacteria;p__Verrucomicrobiota;c__Verrucomicrobiia;o__Methylacidiphilales;f__Methylacidiphilaceae;g__Methylacidiphilum;s__Methylacidiphilum kamchatkense	verruco	positive	249	K10944	317.8
GCF_000817245.1|NZ_JQNX01000002.1_39	GCF_000817245.1	d__Bacteria;p__Verrucomicrobiota;c__Verrucomicrobiia;o__Methylacidiphilales;f__Methylacidiphilaceae;g__Methylacidiphilum;s__Methylacidiphilum kamchatkense	verruco	positive	248	K10944	360.4
GCF_004421185.1|NZ_LXQB01000019.1_4	GCF_004421185.1	d__Bacteria;p__Verrucomicrobiota;c__Verrucomicrobiia;o__Methylacidiphilales;f__Methylacidiphilaceae;g__Methylacidiphilum;s__Methylacidiphilum sp004421185	verruco	positive	245	K10944	396.5
GCF_004421185.1|NZ_LXQB01000033.1_3	GCF_004421185.1	d__Bacteria;p__Verrucomicrobiota;c__Verrucomicrobiia;o__Methylacidiphilales;f__Methylacidiphilaceae;g__Methylacidiphilum;s__Methylacidiphilum sp004421185	verruco	positive	248	K10944	369.2
GCF_004421185.1|NZ_LXQB01000060.1_11	GCF_004421185.1	d__Bacteria;p__Verrucomicrobiota;c__Verrucomicrobiia;o__Methylacidiphilales;f__Methylacidiphilaceae;g__Methylacidiphilum;s__Methylacidiphilum sp004421185	verruco	positive	249	K10944	318.8
GCF_003044035.1|NZ_NVQC01000003.1_3	GCF_003044035.1	d__Bacteria;p__Methylomirabilota;c__Methylomirabilia;o__Methylomirabilales;f__Methylomirabilaceae;g__Methylomirabilis;s__Methylomirabilis limnetica	nc10	positive	243	K10944	358.0
GCF_028716865.1|NZ_JAQUOY010000009.1_62	GCF_028716865.1	d__Bacteria;p__Methylomirabilota;c__Methylomirabilia;o__Methylomirabilales;f__Methylomirabilaceae;g__Methylomirabilis;s__Methylomirabilis sp028716865	nc10	positive	243	K10944	348.7
GCF_049660845.1|NZ_JBASRC010000250.1_2	GCF_049660845.1	d__Bacteria;p__Methylomirabilota;c__Methylomirabilia;o__Methylomirabilales;f__Methylomirabilaceae;g__Methylomirabilis;s__Methylomirabilis sp031838355	nc10	positive	243	K10944	355.3
GCF_002634395.1|NZ_NSJM01000092.1_1	GCF_002634395.1	d__Bacteria;p__Methylomirabilota;c__Methylomirabilia;o__Methylomirabilales;f__Methylomirabilaceae;g__Methylomirabilis;s__Methylomirabilis tolerans	nc10	positive	243	K10944	352.3
GCA_002632385.1|NSJN01000034.1_1	GCA_002632385.1	d__Bacteria;p__Methylomirabilota;c__Methylomirabilia;o__Methylomirabilales;f__Methylomirabilaceae;g__Methylomirabilis;s__Methylomirabilis lanthanidiphila	nc10	positive	243	K10944	359.0
GCA_000091165.1|FP565575.1_2093	GCA_000091165.1	d__Bacteria;p__Methylomirabilota;c__Methylomirabilia;o__Methylomirabilales;f__Methylomirabilaceae;g__Methylomirabilis;s__Methylomirabilis oxygeniifera	nc10	positive	243	K10944	356.2
GCA_003104975.1|PQAM01000019.1_2	GCA_003104975.1	d__Bacteria;p__Methylomirabilota;c__Methylomirabilia;o__Methylomirabilales;f__Methylomirabilaceae;g__Methylomirabilis;s__Methylomirabilis sp003104975	nc10	positive	243	K10944	358.7
GCF_003046585.1|NZ_QAAE01000005.1_175	GCF_003046585.1	d__Bacteria;p__Pseudomonadota;c__Gammaproteobacteria;o__Burkholderiales;f__Nitrosomonadaceae;g__Nitrosomonas;s__Nitrosomonas aestuarii	amo_beta	negative	274	K28504	475.5
GCF_001007935.1|NZ_CP011451.1_1083	GCF_001007935.1	d__Bacteria;p__Pseudomonadota;c__Gammaproteobacteria;o__Burkholderiales;f__Nitrosomonadaceae;g__Nitrosomonas;s__Nitrosomonas communis	amo_beta	negative	305	K28504	475.8
GCF_001007935.1|NZ_CP011451.1_221	GCF_001007935.1	d__Bacteria;p__Pseudomonadota;c__Gammaproteobacteria;o__Burkholderiales;f__Nitrosomonadaceae;g__Nitrosomonas;s__Nitrosomonas communis	amo_beta	negative	305	K28504	475.8
GCF_900114745.1|NZ_FOUB01000125.1_4	GCF_900114745.1	d__Bacteria;p__Pseudomonadota;c__Gammaproteobacteria;o__Burkholderiales;f__Nitrosomonadaceae;g__Nitrosomonas;s__Nitrosomonas communis_A	amo_beta	negative	305	K28504	473.9
GCA_004525885.1|SPBV01000292.1_2	GCA_004525885.1	d__Bacteria;p__Pseudomonadota;c__Gammaproteobacteria;o__Burkholderiales;f__Nitrosomonadaceae;g__BJGV01;s__BJGV01 sp004525885	amo_beta	negative	276	K28504	473.6
GCF_024102715.1|NZ_JAGFJM010000008.1_2	GCF_024102715.1	d__Bacteria;p__Pseudomonadota;c__Gammaproteobacteria;o__Burkholderiales;f__Nitrosomonadaceae;g__Nitrosomonas;s__Nitrosomonas communis_B	amo_beta	negative	305	K28504	472.2
GCA_030646695.1|JAUSLF010000029.1_7	GCA_030646695.1	d__Bacteria;p__Pseudomonadota;c__Gammaproteobacteria;o__Burkholderiales;f__Nitrosomonadaceae;g__VFJL01;s__VFJL01 sp030646695	amo_beta	negative	274	K28504	477.0
GCF_900115725.1|NZ_FOXN01000027.1_2	GCF_900115725.1	d__Bacteria;p__Pseudomonadota;c__Gammaproteobacteria;o__Burkholderiales;f__Nitrosomonadaceae;g__Nitrosomonas;s__Nitrosomonas cryotolerans	amo_beta	negative	274	K28504	480.5
GCF_900115725.1|NZ_FOXN01000094.1_2	GCF_900115725.1	d__Bacteria;p__Pseudomonadota;c__Gammaproteobacteria;o__Burkholderiales;f__Nitrosomonadaceae;g__Nitrosomonas;s__Nitrosomonas cryotolerans	amo_beta	negative	274	K28504	480.5
GCA_037147395.1|JBAWVG010000064.1_7	GCA_037147395.1	d__Bacteria;p__Pseudomonadota;c__Gammaproteobacteria;o__Burkholderiales;f__Nitrosomonadaceae;g__VFJL01;s__VFJL01 sp037147395	amo_beta	negative	274	K28504	471.5
GCA_014237605.1|JAAZZR010000007.1_3	GCA_014237605.1	d__Bacteria;p__Pseudomonadota;c__Gammaproteobacteria;o__Burkholderiales;f__Nitrosomonadaceae;g__BJGV01;s__BJGV01 sp014237605	amo_beta	negative	276	K28504	473.6
GCF_000009145.1|NC_004757.1_2097	GCF_000009145.1	d__Bacteria;p__Pseudomonadota;c__Gammaproteobacteria;o__Burkholderiales;f__Nitrosomonadaceae;g__Nitrosomonas;s__Nitrosomonas europaea	amo_beta	negative	276	K28504	481.7
GCF_000009145.1|NC_004757.1_963	GCF_000009145.1	d__Bacteria;p__Pseudomonadota;c__Gammaproteobacteria;o__Burkholderiales;f__Nitrosomonadaceae;g__Nitrosomonas;s__Nitrosomonas europaea	amo_beta	negative	276	K28504	481.7
GCF_945836005.1|NZ_OX241534.1_1282	GCF_945836005.1	d__Bacteria;p__Pseudomonadota;c__Gammaproteobacteria;o__Nitrosococcales;f__Nitrosococcaceae;g__Nitrosacidococcus;s__Nitrosacidococcus sp945836005	amo_gamma	negative	253	K10944	378.7
GCF_000024725.1|NC_013960.1_674	GCF_000024725.1	d__Bacteria;p__Pseudomonadota;c__Gammaproteobacteria;o__Nitrosococcales;f__Nitrosococcaceae;g__Nitrosococcus;s__Nitrosococcus halophilus	amo_gamma	negative	247	K10944	390.4
GCF_902810445.1|NZ_LR778175.1_1204	GCF_902810445.1	d__Bacteria;p__Pseudomonadota;c__Gammaproteobacteria;o__Nitrosococcales;f__Nitrosococcaceae;g__Nitrosacidococcus;s__Nitrosacidococcus tergens	amo_gamma	negative	253	K10944	375.6
GCF_000012805.1|NC_007484.1_2587	GCF_000012805.1	d__Bacteria;p__Pseudomonadota;c__Gammaproteobacteria;o__Nitrosococcales;f__Nitrosococcaceae;g__Nitrosococcus;s__Nitrosococcus oceani	amo_gamma	negative	247	K10944	384.3
GCF_004421105.1|NZ_CP038033.1_178	GCF_004421105.1	d__Bacteria;p__Pseudomonadota;c__Gammaproteobacteria;o__Nitrosococcales;f__Nitrosococcaceae;g__Nitrosococcus;s__Nitrosococcus wardiae	amo_gamma	negative	247	K10944	389.9
GCF_000143085.1|NC_014315.1_610	GCF_000143085.1	d__Bacteria;p__Pseudomonadota;c__Gammaproteobacteria;o__Nitrosococcales;f__Nitrosococcaceae;g__Nitrosococcus;s__Nitrosococcus watsonii	amo_gamma	negative	247	K10944	379.3
GCA_963825865.1|CAWGVG010000011.1_22	GCA_963825865.1	d__Archaea;p__Thermoproteota;c__Nitrososphaeria;o__Nitrososphaerales;f__Nitrososphaeraceae;g__CAWGVG01;s__CAWGVG01 sp963825865	amo_aoa	negative	206	K28504	253.6
GCA_963920015.1|CAWTZF010000048.1_21	GCA_963920015.1	d__Archaea;p__Thermoproteota;c__Nitrososphaeria;o__Nitrososphaerales;f__Nitrosopumilaceae;g__CAWTZF01;s__CAWTZF01 sp963920015	amo_aoa	negative	216	K28504	262.0
GCA_964347915.1|CAYGAM010000038.1_8	GCA_964347915.1	d__Archaea;p__Thermoproteota;c__Nitrososphaeria;o__Nitrososphaerales;f__Nitrosopumilaceae;g__CAYGAM01;s__CAYGAM01 sp964347915	amo_aoa	negative	216	K28504	274.0
GCA_033722055.1|JAWVZS010000043.1_11	GCA_033722055.1	d__Archaea;p__Thermoproteota;c__Nitrososphaeria;o__Nitrososphaerales;f__Nitrosopumilaceae;g__CAYWRD01;s__CAYWRD01 sp033722055	amo_aoa	negative	216	K28504	277.8
GCA_001443365.1|LDXL01000004.1_95	GCA_001443365.1	d__Archaea;p__Thermoproteota;c__Nitrososphaeria;o__Nitrososphaerales;f__Nitrosopumilaceae;g__CSP1-1;s__CSP1-1 sp001443365	amo_aoa	negative	216	K28504	276.5
GCA_958295735.1|OY282369.1_251	GCA_958295735.1	d__Archaea;p__Thermoproteota;c__Nitrososphaeria;o__Nitrososphaerales;f__Nitrosopumilaceae;g__Cenarchaeum;s__Cenarchaeum sp958295735	amo_aoa	negative	206	K28504	261.5
GCA_035643635.1|DASQQB010000034.1_5	GCA_035643635.1	d__Archaea;p__Thermoproteota;c__Nitrososphaeria;o__Nitrososphaerales;f__Nitrososphaeraceae;g__DASQQB01;s__DASQQB01 sp035643635	amo_aoa	negative	216	K28504	264.7
GCA_035640055.1|DASQWW010000117.1_4	GCA_035640055.1	d__Archaea;p__Thermoproteota;c__Nitrososphaeria;o__Nitrososphaerales;f__Nitrososphaeraceae;g__DASQWW01;s__DASQWW01 sp035640055	amo_aoa	negative	216	K28504	265.8
GCA_016838795.1|JAEHKQ010000152.1_6	GCA_016838795.1	d__Archaea;p__Thermoproteota;c__Nitrososphaeria;o__Nitrososphaerales;f__Nitrosopumilaceae;g__DRGT01;s__DRGT01 sp016838795	amo_aoa	negative	216	K28504	268.2
GCF_018128925.1|NZ_CP067007.1_157	GCF_018128925.1	d__Archaea;p__Thermoproteota;c__Nitrososphaeria;o__Nitrososphaerales;f__Nitrosopumilaceae;g__HKST03;s__HKST03 sp018128925	amo_aoa	negative	216	K28504	275.5
GCA_035252175.1|DATFDI010000094.1_30	GCA_035252175.1	d__Archaea;p__Thermoproteota;c__Nitrososphaeria;o__Nitrososphaerales;f__Nitrososphaeraceae;g__JAFAQB01;s__JAFAQB01 sp035252175	amo_aoa	negative	216	K28504	264.9
GCA_025936955.1|JAICSL010000054.1_2	GCA_025936955.1	d__Archaea;p__Thermoproteota;c__Nitrososphaeria;o__Nitrososphaerales;f__Nitrososphaeraceae;g__JAICSL01;s__JAICSL01 sp025936955	amo_aoa	negative	216	K28504	263.6
GCA_025936955.1|JAICSL010000114.1_1	GCA_025936955.1	d__Archaea;p__Thermoproteota;c__Nitrososphaeria;o__Nitrososphaerales;f__Nitrososphaeraceae;g__JAICSL01;s__JAICSL01 sp025936955	amo_aoa	negative	241	K28504	267.5
GCA_029948415.1|JAJIZT010000001.1_473	GCA_029948415.1	d__Archaea;p__Thermoproteota;c__Nitrososphaeria;o__Nitrososphaerales;f__Nitrosopumilaceae;g__JAJIZT01;s__JAJIZT01 sp029948415	amo_aoa	negative	216	K28504	273.7
GCA_029240435.1|JAREAI010000199.1_3	GCA_029240435.1	d__Archaea;p__Thermoproteota;c__Nitrososphaeria;o__Nitrososphaerales;f__Nitrososphaeraceae;g__JAJNBK01;s__JAJNBK01 sp029240435	amo_aoa	negative	216	K28504	266.4
GCA_021325295.1|JAJPHM010000060.1_107	GCA_021325295.1	d__Archaea;p__Thermoproteota;c__Nitrososphaeria;o__Nitrososphaerales;f__Nitrososphaeraceae;g__JAJPHM01;s__JAJPHM01 sp021325295	amo_aoa	negative	216	K28504	265.0
GCA_026712925.1|JAPOPJ010000240.1_6	GCA_026712925.1	d__Archaea;p__Thermoproteota;c__Nitrososphaeria;o__Nitrososphaerales;f__Nitrosopumilaceae;g__JAPOPJ01;s__JAPOPJ01 sp026712925	amo_aoa	negative	216	K28504	277.8
GCA_025449515.1|JANWJI010000052.1_15	GCA_025449515.1	d__Archaea;p__Thermoproteota;c__Nitrososphaeria;o__Nitrososphaerales;f__Nitrososphaeraceae;g__JARBAU01;s__JARBAU01 sp025449515	amo_aoa	negative	216	K28504	262.8
GCA_016200035.1|JACQFM010000089.1_13	GCA_016200035.1	d__Archaea;p__Thermoproteota;c__Nitrososphaeria;o__Nitrososphaerales;f__Nitrosopumilaceae;g__JBBDNF01;s__JBBDNF01 sp016200035	amo_aoa	negative	216	K28504	269.6
GCF_000220175.1|NZ_AFPU01000001.1_1522	GCF_000220175.1	d__Archaea;p__Thermoproteota;c__Nitrososphaeria;o__Nitrososphaerales;f__Nitrosopumilaceae;g__Nitrosarchaeum;s__Nitrosarchaeum koreense	amo_aoa	negative	216	K28504	276.9
GCF_000389985.1|NZ_CM001852.1_4024	GCF_000389985.1	d__Bacteria;p__Actinomycetota;c__Actinomycetes;o__Propionibacteriales;f__Nocardioidaceae;g__Nocardioides;s__Nocardioides allogilvus	cumo_hc	negative	255	K10944	337.5
