seq_id	group	use	genus	species	length	ko	ko_score	seed_identity	gamma	gamma_left_out	alpha	alpha_left_out	verruco	verruco_left_out	nc10	nc10_left_out
GCA_051007495.1|JBPCSC010000451.1_2	gamma	positive	CAIVXW01	CAIVXW01 sp051007495	247	K10944	404.6	86.6	496.6	491.9	376.4		315.1		300.2	
GCA_050303615.1|JBNLCC010000113.1_42	gamma	positive	CAZDXJ01	CAZDXJ01 sp050303615	247	K10944	415.8	86.6	520.1	516.5	388.3		346.0		295.6	
GCA_964568805.1|CAZMRW010000001.1_75	gamma	unresolved	CAZMRW01	CAZMRW01 sp964568805	250	K10944	369.6	53.2	319.0		299.8		294.5		259.3	
GCA_964568805.1|CAZMRW010000004.1_102	gamma	positive	CAZMRW01	CAZMRW01 sp964568805	247	K10944	410.7	88.6	521.1	520.6	378.5		341.4		282.3	
GCA_965224745.1|CBDCZY010000002.1_1066	gamma	positive	CBDCZY01	CBDCZY01 sp965224745	247	K10944	405.3	88.1	513.6	512.3	377.0		335.4		293.8	
GCA_965247565.1|CBDFHF010000002.1_78	gamma	unresolved	CBDFHF01	CBDFHF01 sp965247565	250	K10944	366.3	50.0	305.1		298.4		296.2		246.3	
GCA_965247565.1|CBDFHF010000003.1_519	gamma	positive	CBDFHF01	CBDFHF01 sp965247565	247	K10944	418.3	90.7	530.0	529.8	393.1		348.8		284.7	
GCF_900163755.1|NZ_FUKI01000053.1_4	gamma	unresolved	Crenothrix	Crenothrix polyspora	250	K10944	370.8	52.6	311.2		300.5		296.4		250.0	
GCF_900163755.1|NZ_FUKI01000135.1_27	gamma	positive	Crenothrix	Crenothrix polyspora	247	K10944	407.4	83.8	503.2	496.3	382.8		341.0		289.3	
GCF_016925495.1|NZ_CP070491.1_3224	gamma	positive	EFPC2	EFPC2 sp016925495	247	K10944	414.1	86.6	500.7	498.9	400.3		336.5		300.4	
GCF_016925495.1|NZ_CP070491.1_703	gamma	positive	EFPC2	EFPC2 sp016925495	247	K10944	414.1	86.6	500.7	498.9	400.3		336.5		300.4	
GCA_013141375.1|JABFRC010000052.1_3	gamma	positive	JABFRC01	JABFRC01 sp013141375	249	K10944	412.5	89.4	524.1	523.6	385.5		346.3		281.9	
GCA_013140705.1|JABFSH010000008.1_7	gamma	unresolved	JABFSH01	JABFSH01 sp013140705	250	K10944	372.0	51.7	313.6		297.1		301.6		262.1	
GCA_013140705.1|JABFSH010000020.1_69	gamma	positive	JABFSH01	JABFSH01 sp013140705	247	K10944	409.6	85.4	514.1	513.3	382.2		343.1		285.0	
GCA_013140705.1|JABFSH010000039.1_4	gamma	unresolved	JABFSH01	JABFSH01 sp013140705	250	K10944	371.3	53.4	322.6		306.4		306.5		255.2	
GCA_026989395.1|JALSJK010000139.1_2	gamma	positive	JALSJK01	JALSJK01 sp026989395	247	K10944	411.3	89.4	527.1	526.5	389.9		340.6		282.5	
GCA_024276805.1|JAJRWJ010000112.1_8	gamma	positive	JANEMG01	JANEMG01 sp024276805	247	K10944	413.8	85.8	517.3	515.7	387.8		338.9		295.4	
GCA_032251045.1|JAVVEW010000006.1_10	gamma	positive	JAVVEW01	JAVVEW01 sp032251045	247	K10944	405.7	89.1	515.4	513.1	387.0		339.9		288.4	
GCA_050303415.1|JBNLBS010000001.1_95	gamma	positive	JBNLBS01	JBNLBS01 sp050303415	247	K10944	417.7	90.3	530.7	530.1	390.6		345.3		288.1	
GCF_009828925.2|NZ_WUTY02000001.1_523	gamma	positive	Methylicorpusculum	Methylicorpusculum oleiharenae	247	K10944	416.8	90.3	527.1	526.6	388.0		348.0		288.8	
GCF_000427625.1|NZ_KE386569.1_2717	gamma	positive	Methylobacter	Methylobacter luteus	247	K10944	414.9	90.3	529.2	528.8	385.4		345.8		298.2	
GCF_000427625.1|NZ_KE386569.1_957	gamma	unresolved	Methylobacter	Methylobacter luteus	250	K10944	373.9	52.1	314.8		297.9		293.9		251.3	
GCF_003994235.2|NZ_RYFG02000108.1_30	gamma	unresolved	Methylobacter_A	Methylobacter_A oryzae	250	K10944	372.4	51.7	313.2		303.0		290.3		256.4	
GCF_003994235.2|NZ_RYFG02000113.1_70	gamma	positive	Methylobacter_A	Methylobacter_A oryzae	247	K10944	415.2	89.1	527.4	526.9	387.0		344.5		285.7	
GCF_902806695.1|NZ_CADCXN010000080.1_28	gamma	positive	Methylobacter_B	Methylobacter_B favarea	247	K10944	409.8	88.7	518.9	518.5	382.7		347.3		280.8	
GCF_025583945.1|NZ_JAOEGU010000014.1_53	gamma	positive	Methylobacter_C	Methylobacter_C psychrophilus	249	K10944	415.4	89.0	524.6	524.1	387.4		349.6		295.8	
GCF_964023245.1|NZ_OZ026884.1_1380	gamma	positive	Methylocalor	Methylocalor cossyra	247	K10944	401.6	87.0	495.4	493.0	374.6		319.4		302.5	
GCF_964023245.1|NZ_OZ026884.1_2580	gamma	positive	Methylocalor	Methylocalor cossyra	247	K10944	401.6	87.0	495.4	493.0	374.6		319.4		302.5	
GCF_000008325.1|NC_002977.6_1765	gamma	positive	Methylococcus	Methylococcus capsulatus	247	K10944	418.1	100.0	509.9	508.5	396.9		331.1		308.9	
GCF_000008325.1|NC_002977.6_2792	gamma	positive	Methylococcus	Methylococcus capsulatus	247	K10944	418.1	100.0	509.9	508.5	396.9		331.1		308.9	
GCF_001312345.1|NZ_BBDL01000475.1_1	gamma	positive	Methylogaea	Methylogaea oryzae	247	K10944	408.6	89.1	498.9	494.1	386.1		320.4		311.4	
GCF_000496735.2|NZ_AYLO01000074.1_38	gamma	positive	Methyloglobulus	Methyloglobulus morosus	247	K10944	404.0	83.8	504.8	502.8	381.6		343.5		280.4	
GCF_000496735.2|NZ_AYLO01000115.1_4	gamma	unresolved	Methyloglobulus	Methyloglobulus morosus	250	K28504	290.7	51.6	318.2		305.0		302.0		252.5	
GCF_000496735.2|NZ_AYLO01000152.1_6	gamma	unresolved	Methyloglobulus	Methyloglobulus morosus	247	K28504	268.7	49.6	301.3		276.9		272.2		233.7	
GCF_033126985.1|NZ_AP024714.1_456	gamma	positive	Methylohalobius	Methylohalobius caldicuralii	247	K10944	408.7	78.9	485.1	473.2	385.1		320.8		288.4	
GCF_033126985.1|NZ_AP024714.1_932	gamma	positive	Methylohalobius	Methylohalobius caldicuralii	247	K10944	408.6	78.5	485.0	473.1	384.6		320.6		288.5	
GCF_019670005.1|NZ_AP019783.1_2051	gamma	positive	Methylomagnum	Methylomagnum ishizawai	247	K10944	405.5	87.9	498.6	493.8	378.1		320.0		309.8	
GCF_019670005.1|NZ_AP019783.1_3979	gamma	positive	Methylomagnum	Methylomagnum ishizawai	247	K10944	405.5	87.9	498.6	493.8	378.1		320.0		309.8	
GCF_019670005.1|NZ_AP019784.1_74	gamma	unresolved	Methylomagnum	Methylomagnum ishizawai	250	K10944	370.3	53.4	320.3		290.6		291.5		261.6	
GCF_030717995.2|NZ_CP157743.1_1221	gamma	positive	Methylomarinum	Methylomarinum roseum	249	K10944	412.9	94.4	518.8	518.2	386.7		343.3		294.4	
GCF_014850955.1|NZ_JACXSS010000001.1_231	gamma	positive	Methylomonas	Methylomonas albis	249	K10944	415.3	97.6	518.0	516.7	384.8		349.9		290.2	
GCF_014850955.1|NZ_JACXSS010000001.1_3948	gamma	unresolved	Methylomonas	Methylomonas albis	250	K10944	372.2	49.6	301.1		296.0		289.8		253.0	
GCF_002072955.1|NZ_LPUF01000004.1_33	gamma	positive	Methyloprofundus	Methyloprofundus sedimenti	249	K10944	409.1	90.0	513.4	511.6	393.9		341.4		292.6	
GCF_000372865.1|NZ_KB889965.1_3344	gamma	positive	Methylosarcina	Methylosarcina fibrata	247	K10944	410.6	86.9	517.5	516.6	376.5		340.1		285.7	
GCF_009498235.1|NZ_CP044205.1_304	gamma	positive	Methylospira	Methylospira mobilis	247	K10944	408.7	83.4	489.8	484.1	393.1		325.9		301.3	
GCF_009498235.1|NZ_CP044205.1_3146	gamma	positive	Methylospira	Methylospira mobilis	247	K10944	408.7	83.4	489.8	484.1	393.1		325.9		301.3	
GCF_000934725.1|NZ_JYNS01000012.1_110	gamma	unresolved	Methyloterricola	Methyloterricola oryzae	250	K10944	372.5	53.8	317.9		300.4		296.2		250.7	
GCF_000934725.1|NZ_JYNS01000018.1_64	gamma	positive	Methyloterricola	Methyloterricola oryzae	247	K10944	410.3	85.0	496.9	494.7	397.4		330.9		307.2	
GCF_000934725.1|NZ_JYNS01000022.1_1	gamma	positive	Methyloterricola	Methyloterricola oryzae	217	K10944	386.9	87.0	446.0	444.5	379.0		314.9		301.9	
GCF_006175985.1|NZ_SRSH01000004.1_127	gamma	positive	Methylotetracoccus	Methylotetracoccus oryzae	247	K10944	407.5	91.9	494.9	489.7	384.9		325.5		311.1	
GCF_006175985.1|NZ_SRSH01000018.1_40	gamma	positive	Methylotetracoccus	Methylotetracoccus oryzae	247	K10944	398.1	89.9	484.6	479.4	376.0		319.6		303.0	
GCF_000968535.2|NC_016112.1_509	gamma	positive	Methylotuvimicrobium	Methylotuvimicrobium alcaliphilum	247	K10944	414.8	100.0	526.4	526.1	378.2		348.8		287.2	
GCF_000384075.1|NZ_KB913025.1_879	gamma	positive	Methylovulum	Methylovulum miyakonense	247	K10944	415.5	90.7	528.6	528.3	388.8		343.9		288.9	
GCA_003242955.1|QJPH01000100.1_2	gamma	positive	Methylumidiphilus	Methylumidiphilus alinenensis	247	K10944	410.9	81.8	490.3	485.1	395.0		329.1		303.2	
GCA_001901525.1|MPSY01000086.1_2	gamma	positive	OPU3-GD-OMZ	OPU3-GD-OMZ sp001901525	247	K10944	396.4	78.9	495.6	492.6	374.4		333.6		283.4	
GCA_002843155.1|PGZD01000011.1_13	gamma	positive	PGZD01	PGZD01 sp002843155	247	K10944	417.4	91.9	528.5	528.3	384.3		350.3		295.4	
GCA_003666325.1|QPIL01000117.1_56	gamma	positive	QPIN01	QPIN01 sp003666325	249	K10944	411.5	87.6	510.1	506.4	394.8		337.5		297.1	
GCA_005772825.1|SXIP01000021.1_16	gamma	positive	SXIP01	SXIP01 sp005772825	247	K10944	410.3	88.6	521.1	520.8	385.0		342.0		286.1	
GCA_005772825.1|SXIP01000231.1_16	gamma	unresolved	SXIP01	SXIP01 sp005772825	250	K10944	376.0	54.3	327.6		303.8		301.4		258.4	
GCA_005779525.1|SXIZ01000110.1_5	gamma	unresolved	SXIZ01	SXIZ01 sp005779525	250	K10944	368.5	49.4	306.2		300.9		295.3		251.9	
GCA_002134785.1|MBQZ01000060.1_7	gamma	positive	UBA4132	UBA4132 sp002134785	249	K10944	415.2	89.9	528.3	528.1	386.6		344.8		292.3	
GCA_002928495.1|PERF01000054.1_7	gamma	positive	WM-3-3	WM-3-3 sp002928495	247	K10944	415.6	91.5	528.8	528.3	391.1		350.0		285.5	
GCA_041169045.1|JBEEJU010000080.1_19	gamma	positive	CAIQWF01	CAIQWF01 sp041169045	249	K10944	411.0	93.2	519.6	518.6	390.1		340.0		288.9	
GCA_963848675.1|CAWKEY010000070.1_4	gamma	positive	CAWKEY01	CAWKEY01 sp963848675	247	K10944	413.1	89.5	529.4	529.2	389.4		338.4		289.1	
GCA_964509475.1|CAZDXJ010000001.1_41	gamma	positive	CAZDXJ01	CAZDXJ01 sp964509475	247	K10944	417.3	88.6	525.1	521.8	386.3		346.8		294.0	
GCF_900163745.1|NZ_FUKJ01000014.1_3	gamma	unresolved	Crenothrix	Crenothrix polyspora_B	250	K10944	371.4	53.0	312.0		300.2		298.3		248.4	
GCF_900163745.1|NZ_FUKJ01000458.1_14	gamma	positive	Crenothrix	Crenothrix polyspora_B	247	K10944	408.3	83.0	502.3	495.6	386.4		345.9		286.6	
GCA_028714175.1|JAQTMV010000027.1_23	gamma	positive	JAGXGJ01	JAGXGJ01 sp028714175	247	K10944	416.4	91.1	527.0	524.3	389.0		353.9		291.3	
GCA_028714175.1|JAQTMV010000164.1_5	gamma	positive	JAGXGJ01	JAGXGJ01 sp028714175	271	K10944	415.2	88.2	520.4	517.0	388.3		351.2		288.3	
GCF_000427445.1|NZ_KE386496.1_3419	alpha	positive	Methylocapsa	Methylocapsa acidiphila	293	K10944	407.6	77.5	373.3		476.9	416.4	325.4		297.1	
GCF_036576025.1|NZ_JAZHYN010000050.1_15	alpha	positive	Methylocystis	Methylocystis borbori	256	K10944	391.1	68.5	361.1		486.5	479.5	313.1		261.4	
GCF_000379125.1|NZ_KB900626.1_1796	alpha	positive	Methylosinus	Methylosinus sp000379125	256	K10944	391.9	65.5	368.8		491.4	474.9	314.3		258.0	
GCF_000379125.1|NZ_KB900626.1_2407	alpha	positive	Methylosinus	Methylosinus sp000379125	252	K10944	401.8	88.5	386.1		487.6	486.8	317.4		278.0	
GCF_000379125.1|NZ_KB900626.1_981	alpha	positive	Methylosinus	Methylosinus sp000379125	252	K10944	401.8	88.5	386.1		487.6	486.8	317.4		278.0	
GCF_000746085.1|NZ_JQKO01000020.1_2	alpha	positive	Methylocapsa	Methylocapsa aurea	294	K10944	407.8	77.9	369.8		476.5	419.0	323.0		296.0	
GCF_002117405.1|NZ_CP019948.1_108	alpha	unresolved	Methylocystis	Methylocystis bryophila	250	K10944	375.2	53.3	318.4		294.7		299.4		263.9	
GCF_002117405.1|NZ_CP019948.1_2614	alpha	positive	Methylocystis	Methylocystis bryophila	253	K10944	386.8	65.9	369.0		482.7	473.6	311.4		252.3	
GCF_002117405.1|NZ_CP019948.1_2866	alpha	positive	Methylocystis	Methylocystis bryophila	252	K10944	395.7	90.9	375.8		481.7	465.8	310.7		265.7	
GCF_002117405.1|NZ_CP019948.1_3628	alpha	positive	Methylocystis	Methylocystis bryophila	252	K10944	395.7	90.9	375.8		481.7	465.8	310.7		265.7	
GCF_000527115.1|NZ_AZUO01000001.1_1583	alpha	positive	Methylosinus	Methylosinus sp000685825	256	K10944	391.3	65.1	368.2		490.5	474.0	313.9		259.9	
GCF_000527115.1|NZ_AZUO01000001.1_2260	alpha	positive	Methylosinus	Methylosinus sp000685825	252	K10944	401.8	88.5	386.1		487.6	486.8	317.4		278.0	
GCF_000527115.1|NZ_AZUO01000001.1_3123	alpha	positive	Methylosinus	Methylosinus sp000685825	252	K10944	401.8	88.5	386.1		487.6	486.8	317.4		278.0	
GCF_900114285.1|NZ_FOSN01000007.1_162	alpha	positive	Methylocapsa	Methylocapsa palsarum	290	K10944	395.7	100.0	373.9		466.5	405.0	318.0		287.9	
GCF_027923385.1|NZ_BSEC01000001.1_1868	alpha	positive	Methylocystis	Methylocystis echinoides	252	K10944	397.3	97.2	381.7		485.4	467.4	313.5		268.8	
GCF_027923385.1|NZ_BSEC01000001.1_3355	alpha	unresolved	Methylocystis	Methylocystis echinoides	250	K10944	368.1	50.9	307.7		290.7		295.4		243.2	
GCF_027923385.1|NZ_BSEC01000001.1_618	alpha	positive	Methylocystis	Methylocystis echinoides	252	K10944	397.3	97.2	381.7		485.4	467.4	313.5		268.8	
GCF_027923385.1|NZ_BSEC01000003.1_120	alpha	unresolved	Methylocystis	Methylocystis echinoides	250	K10944	372.0	51.9	309.9		295.2		300.3		249.2	
GCF_000745215.1|NZ_JQNK01000008.1_534	alpha	positive	Methylosinus	Methylosinus sp000745215	256	K10944	389.9	65.1	367.7		488.9	472.7	312.6		259.3	
GCF_000745215.1|NZ_JQNK01000009.1_1267	alpha	positive	Methylosinus	Methylosinus sp000745215	252	K10944	401.8	88.5	386.1		487.6	486.8	317.4		278.0	
GCF_000745215.1|NZ_JQNK01000009.1_197	alpha	positive	Methylosinus	Methylosinus sp000745215	252	K10944	401.8	88.5	386.1		487.6	486.8	317.4		278.0	
GCF_045689225.1|NZ_CP136862.1_2482	alpha	positive	Methylocapsa	Methylocapsa polymorpha	293	K10944	406.2	78.5	367.5		475.7	415.5	323.6		292.3	
GCF_040687965.1|NZ_CP156084.1_2067	alpha	positive	Methylocystis	Methylocystis echinoides_A	252	K10944	397.4	97.2	382.2		485.1	466.7	314.0		270.0	
GCF_040687965.1|NZ_CP156084.1_3165	alpha	positive	Methylocystis	Methylocystis echinoides_A	252	K10944	397.4	97.2	382.2		485.1	466.7	314.0		270.0	
GCF_009811655.1|NZ_BGJX01000039.1_9	alpha	positive	Methylosinus	Methylosinus sp009811655	256	K10944	393.8	66.0	369.8		494.6	479.2	315.4		259.1	
GCF_009811655.1|NZ_BGJX01000067.1_2	alpha	positive	Methylosinus	Methylosinus sp009811655	252	K10944	403.0	89.7	384.9		490.1	490.7	316.4		273.8	
GCF_004802635.2|NZ_CP046052.1_1243	alpha	positive	Methylocystis	Methylocystis heyeri	252	K10944	399.0	94.0	383.4		486.9	472.3	313.5		270.5	
GCF_004802635.2|NZ_CP046052.1_2320	alpha	positive	Methylocystis	Methylocystis heyeri	256	K10944	395.7	68.1	375.9		498.2	490.4	313.8		262.9	
GCF_004802635.2|NZ_CP046052.1_3489	alpha	positive	Methylocystis	Methylocystis heyeri	252	K10944	399.0	94.0	383.4		486.9	472.3	313.5		270.5	
GCF_009936375.1|NZ_AP022332.1_2091	alpha	positive	Methylosinus	Methylosinus sp009936375	256	K10944	391.3	65.1	368.2		490.5	474.0	313.9		259.9	
GCF_009936375.1|NZ_AP022332.1_2246	alpha	positive	Methylosinus	Methylosinus sp009936375	252	K10944	402.5	88.9	387.1		487.5	486.7	317.9		280.5	
GCF_009936375.1|NZ_AP022332.1_3476	alpha	positive	Methylosinus	Methylosinus sp009936375	252	K10944	402.5	88.9	387.1		487.5	486.7	317.9		280.5	
GCF_003722355.1|NZ_QWDD01000001.1_1425	alpha	unresolved	Methylocystis	Methylocystis hirsuta	250	K10944	372.5	52.1	313.5		292.7		300.1		247.6	
GCF_003722355.1|NZ_QWDD01000001.1_2687	alpha	positive	Methylocystis	Methylocystis hirsuta	252	K10944	398.1	99.6	382.1		484.8	466.8	314.1		267.0	
GCF_003722355.1|NZ_QWDD01000001.1_987	alpha	positive	Methylocystis	Methylocystis hirsuta	252	K10944	398.1	99.6	382.1		484.8	466.8	314.1		267.0	
GCF_015709455.1|NZ_JADNQW010000005.1_2884	alpha	positive	Methylosinus	Methylosinus sp015709455	256	K10944	393.6	66.4	370.5		493.0	477.0	312.1		261.6	
GCF_015709455.1|NZ_JADNQW010000005.1_3586	alpha	positive	Methylosinus	Methylosinus sp015709455	252	K10944	400.4	87.7	384.7		485.7	484.9	318.3		276.3	
GCF_015709455.1|NZ_JADNQW010000005.1_540	alpha	positive	Methylosinus	Methylosinus sp015709455	252	K10944	400.4	87.7	384.7		485.7	484.9	318.3		276.3	
GCF_029855125.1|NZ_CP123229.1_1967	alpha	positive	Methylocapsa	Methylocapsa sp029855125	289	K10944	392.1	69.2	345.2		460.4	396.0	304.4		278.5	
GCF_016745395.1|NZ_JAERVJ010000003.1_338	alpha	positive	Methylocystis	Methylocystis iwaonis	256	K10944	396.9	69.6	370.0		497.8	489.4	308.6		256.9	
GCF_016745395.1|NZ_JAERVJ010000017.1_1	alpha	positive	Methylocystis	Methylocystis iwaonis	252	K10944	394.4	95.6	380.2		482.7	464.9	310.3		269.3	
GCF_019802345.1|NZ_JAINDZ010000017.1_60	alpha	positive	Methylosinus	Methylosinus sp019802345	256	K10944	393.3	65.3	370.3		492.6	476.9	315.2		262.8	
GCF_000283235.1|NZ_AJTV01000045.1_26	alpha	positive	Methylocystis	Methylocystis parva	256	K10944	394.2	69.6	372.4		495.0	485.9	305.0		256.0	
GCF_000283235.1|NZ_AJTV01000081.1_2	alpha	positive	Methylocystis	Methylocystis parva	252	K10944	396.1	96.8	380.2		484.4	466.2	313.3		268.8	
GCF_036560965.1|NZ_DATBQF010000069.1_11	alpha	positive	Methylosinus	Methylosinus sp036560965	256	K10944	393.7	65.9	370.8		492.6	476.3	313.7		259.9	
GCF_004421255.1|NZ_LXQC01000002.1_11	verruco	positive	Methylacidiphilum	Methylacidiphilum caldifontis	245	K10944	398.8	96.3	336.1		323.7		511.8		273.8	
GCF_004421255.1|NZ_LXQC01000002.1_14	verruco	positive	Methylacidiphilum	Methylacidiphilum caldifontis	245	K10944	397.5	99.2	338.6		326.0		505.7		277.9	
GCF_004421255.1|NZ_LXQC01000046.1_9	verruco	unresolved	Methylacidiphilum	Methylacidiphilum caldifontis	249	K10944	316.6	42.6	208.8		217.5		257.4		168.4	
GCF_905250085.1|NZ_CAJNOB010000056.1_52	verruco	positive	Methylacidithermus	Methylacidithermus pantelleriae	243	K10944	346.7	62.9	299.1		293.7		450.5	347.5	261.2	
GCF_000297415.1|NZ_CAHT01000053.1_6	verruco	unresolved	Methylacidiphilum	Methylacidiphilum fumarolicum	249	K10944	317.0	45.2	210.1		219.3		256.5		167.8	
GCF_000297415.1|NZ_CAHT01000085.1_3	verruco	positive	Methylacidiphilum	Methylacidiphilum fumarolicum	245	K10944	396.5	99.2	336.0		323.6		504.7		276.0	
GCF_000297415.1|NZ_CAHT01000087.1_2	verruco	positive	Methylacidiphilum	Methylacidiphilum fumarolicum	266	K10944	404.6	93.6	342.1		324.5		511.6		277.2	
GCF_000019665.1|NC_010794.1_1298	verruco	positive	Methylacidiphilum	Methylacidiphilum infernorum	245	K10944	397.3	100.0	338.1		326.3		505.3		276.3	
GCF_000019665.1|NC_010794.1_1301	verruco	positive	Methylacidiphilum	Methylacidiphilum infernorum	249	K10944	399.2	100.0	336.3		323.0		510.4		271.2	
GCF_000019665.1|NC_010794.1_1375	verruco	unresolved	Methylacidiphilum	Methylacidiphilum infernorum	249	K10944	318.1	46.2	212.4		219.2		261.2		169.3	
GCF_000817245.1|NZ_JQNX01000001.1_156	verruco	positive	Methylacidiphilum	Methylacidiphilum kamchatkense	266	K10944	405.5	93.6	339.8		326.8		513.0		275.3	
GCF_000817245.1|NZ_JQNX01000001.1_159	verruco	positive	Methylacidiphilum	Methylacidiphilum kamchatkense	245	K10944	396.5	99.2	336.0		323.6		504.7		276.0	
GCF_000817245.1|NZ_JQNX01000001.1_297	verruco	unresolved	Methylacidiphilum	Methylacidiphilum kamchatkense	249	K10944	317.8	45.2	210.3		217.8		258.4		170.3	
GCF_000817245.1|NZ_JQNX01000002.1_39	verruco	positive	Methylacidiphilum	Methylacidiphilum kamchatkense	248	K10944	360.4	71.1	296.2		295.5		472.9		245.3	
GCF_004421185.1|NZ_LXQB01000019.1_4	verruco	positive	Methylacidiphilum	Methylacidiphilum sp004421185	245	K10944	396.5	99.6	336.1		324.1		505.1		278.1	
GCF_004421185.1|NZ_LXQB01000033.1_3	verruco	positive	Methylacidiphilum	Methylacidiphilum sp004421185	248	K10944	369.2	72.8	300.1		300.3		481.8		245.4	
GCF_004421185.1|NZ_LXQB01000060.1_11	verruco	unresolved	Methylacidiphilum	Methylacidiphilum sp004421185	249	K10944	318.8	45.7	211.0		218.0		258.7		171.0	
GCF_003044035.1|NZ_NVQC01000003.1_3	nc10	positive	Methylomirabilis	Methylomirabilis limnetica	243	K10944	358.0	100.0	314.2		310.7		305.0		563.3	553.3
GCF_028716865.1|NZ_JAQUOY010000009.1_62	nc10	positive	Methylomirabilis	Methylomirabilis sp028716865	243	K10944	348.7	94.7	304.1		303.1		296.0		563.8	555.8
GCF_049660845.1|NZ_JBASRC010000250.1_2	nc10	positive	Methylomirabilis	Methylomirabilis sp031838355	243	K10944	355.3	97.1	312.9		306.8		305.3		562.0	
GCF_002634395.1|NZ_NSJM01000092.1_1	nc10	positive	Methylomirabilis	Methylomirabilis tolerans	243	K10944	352.3	95.1	307.5		304.4		298.3		562.9	
GCA_002632385.1|NSJN01000034.1_1	nc10	positive	Methylomirabilis	Methylomirabilis lanthanidiphila	243	K10944	359.0	93.0	319.7		311.6		305.2		562.7	549.5
GCA_000091165.1|FP565575.1_2093	nc10	positive	Methylomirabilis	Methylomirabilis oxygeniifera	243	K10944	356.2	95.5	312.1		307.5		302.4		566.2	560.5
GCA_003104975.1|PQAM01000019.1_2	nc10	positive	Methylomirabilis	Methylomirabilis sp003104975	243	K10944	358.7	90.9	318.7		312.6		302.8		552.1	
GCF_003046585.1|NZ_QAAE01000005.1_175	amo_beta	negative	Nitrosomonas	Nitrosomonas aestuarii	274	K28504	475.5	51.9	291.1		290.0		290.5		224.4	
GCF_001007935.1|NZ_CP011451.1_1083	amo_beta	negative	Nitrosomonas	Nitrosomonas communis	305	K28504	475.8	49.6	281.5		281.8		284.1		230.0	
GCF_001007935.1|NZ_CP011451.1_221	amo_beta	negative	Nitrosomonas	Nitrosomonas communis	305	K28504	475.8	49.6	281.5		281.8		284.1		230.0	
GCF_900114745.1|NZ_FOUB01000125.1_4	amo_beta	negative	Nitrosomonas	Nitrosomonas communis_A	305	K28504	473.9	50.9	284.2		285.2		283.8		234.4	
GCA_004525885.1|SPBV01000292.1_2	amo_beta	negative	BJGV01	BJGV01 sp004525885	276	K28504	473.6	50.4	290.4		289.5		297.0		231.4	
GCF_024102715.1|NZ_JAGFJM010000008.1_2	amo_beta	negative	Nitrosomonas	Nitrosomonas communis_B	305	K28504	472.2	50.4	280.9		281.4		280.4		235.3	
GCA_030646695.1|JAUSLF010000029.1_7	amo_beta	negative	VFJL01	VFJL01 sp030646695	274	K28504	477.0	53.4	307.3		302.7		301.1		234.1	
GCF_900115725.1|NZ_FOXN01000027.1_2	amo_beta	negative	Nitrosomonas	Nitrosomonas cryotolerans	274	K28504	480.5	51.3	295.9		296.3		289.7		220.4	
GCF_900115725.1|NZ_FOXN01000094.1_2	amo_beta	negative	Nitrosomonas	Nitrosomonas cryotolerans	274	K28504	480.5	51.3	295.9		296.3		289.7		220.4	
GCA_037147395.1|JBAWVG010000064.1_7	amo_beta	negative	VFJL01	VFJL01 sp037147395	274	K28504	471.5	51.7	300.9		297.5		299.9		231.7	
GCA_014237605.1|JAAZZR010000007.1_3	amo_beta	negative	BJGV01	BJGV01 sp014237605	276	K28504	473.6	51.3	293.0		291.1		295.3		231.0	
GCF_000009145.1|NC_004757.1_2097	amo_beta	negative	Nitrosomonas	Nitrosomonas europaea	276	K28504	481.7	51.3	282.5		281.1		285.3		225.1	
GCF_000009145.1|NC_004757.1_963	amo_beta	negative	Nitrosomonas	Nitrosomonas europaea	276	K28504	481.7	51.3	282.5		281.1		285.3		225.1	
GCF_945836005.1|NZ_OX241534.1_1282	amo_gamma	negative	Nitrosacidococcus	Nitrosacidococcus sp945836005	253	K10944	378.7	60.2	364.9		354.0		301.2		269.0	
GCF_000024725.1|NC_013960.1_674	amo_gamma	negative	Nitrosococcus	Nitrosococcus halophilus	247	K10944	390.4	65.6	399.5		370.2		312.5		282.3	
GCF_902810445.1|NZ_LR778175.1_1204	amo_gamma	negative	Nitrosacidococcus	Nitrosacidococcus tergens	253	K10944	375.6	60.2	362.1		348.1		295.0		264.3	
GCF_000012805.1|NC_007484.1_2587	amo_gamma	negative	Nitrosococcus	Nitrosococcus oceani	247	K10944	384.3	63.5	394.8		367.6		301.7		271.9	
GCF_004421105.1|NZ_CP038033.1_178	amo_gamma	negative	Nitrosococcus	Nitrosococcus wardiae	247	K10944	389.9	65.2	402.5		365.0		308.8		278.6	
GCF_000143085.1|NC_014315.1_610	amo_gamma	negative	Nitrosococcus	Nitrosococcus watsonii	247	K10944	379.3	63.1	391.8		361.7		297.0		269.3	
GCA_963825865.1|CAWGVG010000011.1_22	amo_aoa	negative	CAWGVG01	CAWGVG01 sp963825865	206	K28504	253.6	0.0	0.0		0.0		0.0		0.0	
GCA_963920015.1|CAWTZF010000048.1_21	amo_aoa	negative	CAWTZF01	CAWTZF01 sp963920015	216	K28504	262.0	21.1	0.0		0.0		0.0		0.0	
GCA_964347915.1|CAYGAM010000038.1_8	amo_aoa	negative	CAYGAM01	CAYGAM01 sp964347915	216	K28504	274.0	0.0	0.0		0.0		0.0		0.0	
GCA_033722055.1|JAWVZS010000043.1_11	amo_aoa	negative	CAYWRD01	CAYWRD01 sp033722055	216	K28504	277.8	28.4	0.0		0.0		0.0		0.0	
GCA_001443365.1|LDXL01000004.1_95	amo_aoa	negative	CSP1-1	CSP1-1 sp001443365	216	K28504	276.5	0.0	0.0		0.0		0.0		0.0	
GCA_958295735.1|OY282369.1_251	amo_aoa	negative	Cenarchaeum	Cenarchaeum sp958295735	206	K28504	261.5	28.4	0.0		0.0		0.0		0.0	
GCA_035643635.1|DASQQB010000034.1_5	amo_aoa	negative	DASQQB01	DASQQB01 sp035643635	216	K28504	264.7	0.0	0.0		0.0		0.0		0.0	
GCA_035640055.1|DASQWW010000117.1_4	amo_aoa	negative	DASQWW01	DASQWW01 sp035640055	216	K28504	265.8	0.0	0.0		0.0		0.0		0.0	
GCA_016838795.1|JAEHKQ010000152.1_6	amo_aoa	negative	DRGT01	DRGT01 sp016838795	216	K28504	268.2	27.7	0.0		0.0		0.0		0.0	
GCF_018128925.1|NZ_CP067007.1_157	amo_aoa	negative	HKST03	HKST03 sp018128925	216	K28504	275.5	0.0	0.0		0.0		0.0		0.0	
GCA_035252175.1|DATFDI010000094.1_30	amo_aoa	negative	JAFAQB01	JAFAQB01 sp035252175	216	K28504	264.9	0.0	0.0		0.0		0.0		0.0	
GCA_025936955.1|JAICSL010000054.1_2	amo_aoa	negative	JAICSL01	JAICSL01 sp025936955	216	K28504	263.6	0.0	0.0		0.0		0.0		0.0	
GCA_025936955.1|JAICSL010000114.1_1	amo_aoa	negative	JAICSL01	JAICSL01 sp025936955	241	K28504	267.5	0.0	0.0		0.0		0.0		0.0	
GCA_029948415.1|JAJIZT010000001.1_473	amo_aoa	negative	JAJIZT01	JAJIZT01 sp029948415	216	K28504	273.7	28.4	0.0		0.0		0.0		0.0	
GCA_029240435.1|JAREAI010000199.1_3	amo_aoa	negative	JAJNBK01	JAJNBK01 sp029240435	216	K28504	266.4	0.0	0.0		0.0		0.0		0.0	
GCA_021325295.1|JAJPHM010000060.1_107	amo_aoa	negative	JAJPHM01	JAJPHM01 sp021325295	216	K28504	265.0	0.0	0.0		0.0		0.0		0.0	
GCA_026712925.1|JAPOPJ010000240.1_6	amo_aoa	negative	JAPOPJ01	JAPOPJ01 sp026712925	216	K28504	277.8	27.0	0.0		0.0		0.0		0.0	
GCA_025449515.1|JANWJI010000052.1_15	amo_aoa	negative	JARBAU01	JARBAU01 sp025449515	216	K28504	262.8	0.0	0.0		0.0		0.0		0.0	
GCA_016200035.1|JACQFM010000089.1_13	amo_aoa	negative	JBBDNF01	JBBDNF01 sp016200035	216	K28504	269.6	0.0	0.0		0.0		0.0		0.0	
GCF_000220175.1|NZ_AFPU01000001.1_1522	amo_aoa	negative	Nitrosarchaeum	Nitrosarchaeum koreense	216	K28504	276.9	28.4	0.0		0.0		0.0		0.0	
GCF_000389985.1|NZ_CM001852.1_4024	cumo_hc	negative	Nocardioides	Nocardioides allogilvus	255	K10944	337.5	44.1	217.7		218.1		244.6		205.6	
